编号,BFE资源文件名,BFE循环点(1/100秒),BFE循环点(秒),BFSE资源文件名,BFSE循环点(1/100秒),BFSE循环点(秒)
1,01：オープニング.wav,0,0.00,01：オープニング.wav,0,0.00
2,02：のんびりしたいね.wav,0,0.00,02：daily.wav,1548,15.48
3,03：のんきな面々.wav,0,0.00,03：calm times.wav,1476,14.76
4,04：外であそぼー！.wav,0,0.00,04：feel refreshed.wav,1600,16.00
5,05：リアル・ワールド.wav,1066,10.66,05：the real world.wav,1600,16.00
6,06：アンリアル・ワールド.wav,1600,16.00,06：cyber space network.wav,3999,39.99
7,07：ネガティブ・ステータス.wav,0,0.00,07：negative.wav,1279,12.79
8,08：疑心暗鬼.wav,0,0.00,08：suspicion.wav,2865,28.65
9,09：懐かしい、あの日の出来事.wav,0,0.00,09：a good old memory.wav,1066,10.66
10,10：慟哭の涙.wav,0,0.00,10：lament.wav,1588,15.88
11,11：情報の渦へ.wav,800,8.00,11：information room.wav,2400,24.00
12,12：パンドラの箱.wav,1550,15.50,12：Data base inspection.wav,1548,15.48
13,13：DANGER ZONE.wav,1324,13.24,13：Red Zone.wav,1262,12.62
14,14：マインド・コントロール.wav,0,0.00,14：brainwash.wav,1116,11.16
15,15：記憶のかけら.wav,0,0.00,15：fragment.wav,5458,54.58
16,16：ワイアードゴーストの少女.wav,0,0.00,16：girl of Wired Ghost.wav,2549,25.49
17,17：ふたり.wav,0,0.00,17：relation.wav,922,9.22
18,18：歪んだ愛のカタチ.wav,962,9.62,18：distortion.wav,1199,11.99
19,19：終焉への序曲.wav,0,0.00,19：overture.wav,4104,41.04
20,20：憐の夢.wav,2494,24.94,20：Dreamer.wav,922,9.22
21,21：電子の世界へようこそ.wav,2014,20.14,21：Let's DIVE.wav,1986,19.86
22,22：トランス･バイヴレーション.wav,1342,13.42,22：in your hand ave;new feat.a.k.a.dRESS.wav,16,0.16
23,23：踊る脳.wav,712,7.12,23：associate ave;new feat.a.k.a.dRESS.wav,279,2.79
24,24：ブレイン・ショック.wav,1372,13.72,24：resistance.wav,1371,13.71
25,25：マシン・パントマイム.wav,1476,14.76,25：Energize ave;new feat.a.k.a.dRESS.wav,347,3.47
26,26：運命の皮肉.wav,4914,49.14,26：irony of fate.wav,4909,49.09
27,27：リバイアサン.wav,3454,34.54,27：Leviathan.wav,4140,41.40
28,28：たいせつなひと.wav,0,0.00,28：stay by my side forever..wav,922,9.22
29,29：BALDR FORCE.wav,-1,非循环,29：Jack In.wav,-1,非循环
30,30：電子体少女と草原の狼.wav,-1,非循环,30：Wired Ghost & Steppen Wolf .wav,-1,非循环
