orig_rva,hanhua_rva,shift,text,src_cp932_hex,dst_gbk_hex,bytes
0x000C94D8,0x000C84D8,-0x1000,着地,9285926e,d7c5b5d8,4
0x000C95A0,0x000C85A0,-0x1000,爆音01,949a89b93031,b1acd2f43031,6
0x000C95C8,0x000C85C8,-0x1000,爆音02,949a89b93032,b1acd2f43032,6
0x000C95F0,0x000C85F0,-0x1000,爆音03,949a89b93033,b1acd2f43033,6
0x000C9618,0x000C8618,-0x1000,爆音04,949a89b93034,b1acd2f43034,6
0x000C9640,0x000C8640,-0x1000,爆音05,949a89b93035,b1acd2f43035,6
0x000C9668,0x000C8668,-0x1000,爆音06,949a89b93036,b1acd2f43036,6
0x000C9690,0x000C8690,-0x1000,爆音07,949a89b93037,b1acd2f43037,6
0x000C96B8,0x000C86B8,-0x1000,爆音08,949a89b93038,b1acd2f43038,6
0x000C96E0,0x000C86E0,-0x1000,爆音09,949a89b93039,b1acd2f43039,6
0x000CA158,0x000C9158,-0x1000,虫,928e,b3e6,2
0x000CA4F0,0x000C94F0,-0x1000,草,9190,b2dd,2
0x000CA6D0,0x000C96D0,-0x1000,鞭,95da,b1de,2
0x000CA770,0x000C9770,-0x1000,鞭4,95da34,b1de34,3
0x000CA798,0x000C9798,-0x1000,鞭5,95da35,b1de35,3
0x000CA7C0,0x000C97C0,-0x1000,炎1,898a31,d1d731,3
0x000CA7E8,0x000C97E8,-0x1000,炎2,898a32,d1d732,3
0x000CA810,0x000C9810,-0x1000,炎3,898a33,d1d733,3
0x000CA838,0x000C9838,-0x1000,炎4,898a34,d1d734,3
0x000CB5BC,0x000CA5BC,-0x1000,震雷,906b978b,d5f0c0d7,4
0x000CB7D0,0x000CA7D0,-0x1000,柏木 洋介,949096d820976d89ee,b0d8c4be20d1f3bde9,9
0x000CBBF8,0x000CABF8,-0x1000,紫藤 彩音,8e8793a1208dca89b9,d7cfccd920b2cad2f4,9
0x000D0AF0,0x000CFAF0,-0x1000,笹桐 月菜,8df98bcb208c8e8dd8,b947cda920d4c2b2cb,9
0x000D0D04,0x000CFD04,-0x1000,笹桐 月菜,8df98bcb208c8e8dd8,b947cda920d4c2b2cb,9
0x000D0F18,0x000CFF18,-0x1000,笹桐 月菜,8df98bcb208c8e8dd8,b947cda920d4c2b2cb,9
0x000D3ABC,0x000D2ABC,-0x1000,紫藤 彩音,8e8793a1208dca89b9,d7cfccd920b2cad2f4,9
0x000D3CD0,0x000D2CD0,-0x1000,笹桐 月菜,8df98bcb208c8e8dd8,b947cda920d4c2b2cb,9
0x000D4734,0x000D3734,-0x1000,日和,93fa9861,c8d5bacd,4
0x000D4948,0x000D3948,-0x1000,夕奈,975b93de,cfa6c4ce,4
0x000D4D70,0x000D3D70,-0x1000,清香,90b48d81,c7e5cfe3,4
0x000D4F84,0x000D3F84,-0x1000,雪希,90e18af3,d1a9cfa3,4
0x000D55C4,0x000D45C4,-0x1000,   Map = %6d Byte   (   Chip数 : %6d),2020204d6170203d20253664204279746520202028202020436869709094203a2025366429,2020204d6170203d2025366420427974652020202820202043686970cafd203a2025366429,37
0x000D5814,0x000D4814,-0x1000,？？？？？？？？？？？？？？？？？？？？？？？,81488148814881488148814881488148814881488148814881488148814881488148814881488148814881488148,a3bfa3bfa3bfa3bfa3bfa3bfa3bfa3bfa3bfa3bfa3bfa3bfa3bfa3bfa3bfa3bfa3bfa3bfa3bfa3bfa3bfa3bfa3bf,46
0x000D9820,0x000D8820,-0x1000,不明,957396be,b2bbc3f7,4
0x000D9A60,0x000D8A60,-0x1000,的,9349,b5c4,2
0x000D9A64,0x000D8A64,-0x1000,弾,9265,8f8e,2
0x000D9A68,0x000D8A68,-0x1000,当,9396,b5b1,2
0x000D9A70,0x000D8A70,-0x1000,音,89b9,d2f4,2
0x000D9ADC,0x000D8ADC,-0x1000,[%02d]  ○   %s,5b253032645d2020819b2020202573,5b253032645d2020a1f02020202573,15
0x000D9B00,0x000D8B00,-0x1000,[%d]  %02d→%02d  %03d,5b25645d20202530326481a825303264202025303364,5b25645d202025303264a1fa25303264202025303364,22
0x000D9BFC,0x000D8BFC,-0x1000,[%02d] %03d%%｜%03df｜%2s｜%4s｜%2s｜%4s｜%4s｜%2s,5b253032645d2025303364252581622530336466816225327381622534738162253273816225347381622534738162253273,5b253032645d20253033642525a3fc2530336466a3fc253273a3fc253473a3fc253273a3fc253473a3fc253473a3fc253273,50
0x000D9C30,0x000D8C30,-0x1000,Ｓ,8272,a3d3,2
0x000D9C34,0x000D8C34,-0x1000,Ｄ,8263,a3c4,2
0x000D9C3C,0x000D8C3C,-0x1000,停,92e2,cda3,2
0x000D9C58,0x000D8C58,-0x1000,回,89f1,bbd8,2
0x000D9C5C,0x000D8C5C,-0x1000,壁避,95c794f0,b1dab1dc,4
0x000D9C6C,0x000D8C6C,-0x1000,浮,9582,b8a1,2
0x000D9C70,0x000D8C70,-0x1000,Ｊ,8269,a3ca,2
0x000D9C74,0x000D8C74,-0x1000,未定,96a292e8,ceb4b6a8,4
0x000D9D14,0x000D8D14,-0x1000,回避,89f194f0,bbd8b1dc,4
0x000D9E34,0x000D8E34,-0x1000,１００％加算,8250824f824f819389c18e5a,a3b1a3b0a3b0a3a5bcd3cbe3,12
0x000D9E44,0x000D8E44,-0x1000,半透明,94bc93a796be,b0ebcdb8c3f7,6
0x000D9F04,0x000D8F04,-0x1000,火花2,89ce89d432,bbf0bba832,5
0x000D9F0C,0x000D8F0C,-0x1000,火花1,89ce89d431,bbf0bba831,5
0x000DA210,0x000D9210,-0x1000,"Exec使用中(tNo = %d, eNo = %d)",457865638e679770928628744e6f203d2025642c20654e6f203d20256429,45786563cab9d3c3d6d028744e6f203d2025642c20654e6f203d20256429,30
0x000DDD90,0x000DCD80,-0x1010,Ａ,8260,a3c1,2
0x000DDD94,0x000DCD84,-0x1010,Ｂ,8261,a3c2,2
0x000DDD98,0x000DCD88,-0x1010,Ｃ,8262,a3c3,2
0x000DF062,0x000DE052,-0x1010,０,824f,a3b0,2
0x000DF07C,0x000DE06C,-0x1010,１,8250,a3b1,2
0x000DF096,0x000DE086,-0x1010,２,8251,a3b2,2
0x000DF0B0,0x000DE0A0,-0x1010,３,8252,a3b3,2
0x000DF0CA,0x000DE0BA,-0x1010,４,8253,a3b4,2
0x000DF0E4,0x000DE0D4,-0x1010,５,8254,a3b5,2
0x000DF0FE,0x000DE0EE,-0x1010,６,8255,a3b6,2
0x000DF118,0x000DE108,-0x1010,７,8256,a3b7,2
0x000DF132,0x000DE122,-0x1010,８,8257,a3b8,2
0x000DF14C,0x000DE13C,-0x1010,９,8258,a3b9,2
0x000DF166,0x000DE156,-0x1010,Ａ,8260,a3c1,2
0x000DF180,0x000DE170,-0x1010,Ｂ,8261,a3c2,2
0x000DF19A,0x000DE18A,-0x1010,Ｃ,8262,a3c3,2
0x000DF1B4,0x000DE1A4,-0x1010,Ｄ,8263,a3c4,2
0x000DF1CE,0x000DE1BE,-0x1010,Ｅ,8264,a3c5,2
0x000DF1E8,0x000DE1D8,-0x1010,Ｆ,8265,a3c6,2
0x000DF202,0x000DE1F2,-0x1010,Ｇ,8266,a3c7,2
0x000DF21C,0x000DE20C,-0x1010,Ｈ,8267,a3c8,2
0x000DF236,0x000DE226,-0x1010,Ｉ,8268,a3c9,2
0x000DF250,0x000DE240,-0x1010,Ｊ,8269,a3ca,2
0x000DF26A,0x000DE25A,-0x1010,Ｋ,826a,a3cb,2
0x000DF284,0x000DE274,-0x1010,Ｌ,826b,a3cc,2
0x000DF29E,0x000DE28E,-0x1010,Ｍ,826c,a3cd,2
0x000DF2B8,0x000DE2A8,-0x1010,Ｎ,826d,a3ce,2
0x000DF2D2,0x000DE2C2,-0x1010,Ｏ,826e,a3cf,2
0x000DF2EC,0x000DE2DC,-0x1010,Ｐ,826f,a3d0,2
0x000DF306,0x000DE2F6,-0x1010,Ｑ,8270,a3d1,2
0x000DF320,0x000DE310,-0x1010,Ｒ,8271,a3d2,2
0x000DF33A,0x000DE32A,-0x1010,Ｓ,8272,a3d3,2
0x000DF354,0x000DE344,-0x1010,Ｔ,8273,a3d4,2
0x000DF36E,0x000DE35E,-0x1010,Ｕ,8274,a3d5,2
0x000DF388,0x000DE378,-0x1010,Ｖ,8275,a3d6,2
0x000DF3A2,0x000DE392,-0x1010,Ｗ,8276,a3d7,2
0x000DF3BC,0x000DE3AC,-0x1010,Ｘ,8277,a3d8,2
0x000DF3D6,0x000DE3C6,-0x1010,Ｙ,8278,a3d9,2
0x000DF3F0,0x000DE3E0,-0x1010,Ｚ,8279,a3da,2
0x000DF458,0x000DE448,-0x1010,＠,8197,a3c0,2
0x000DF472,0x000DE462,-0x1010,，,8143,a3ac,2
0x000DF48C,0x000DE47C,-0x1010,：,8146,a3ba,2
0x000DF4A6,0x000DE496,-0x1010,＾,814f,a3de,2
0x000DF50E,0x000DE4FE,-0x1010,ＥＮＤ,8264826d8263,a3c5a3cea3c4,6
0x000DF528,0x000DE518,-0x1010,ＨＯＭＥ,8267826e826c8264,a3c8a3cfa3cda3c5,8
0x000DF542,0x000DE532,-0x1010,ＩＮＳＥＲＴ,8268826d8272826482718273,a3c9a3cea3d3a3c5a3d2a3d4,12
0x000DF55C,0x000DE54C,-0x1010,［,816d,a3db,2
0x000DF576,0x000DE566,-0x1010,ＳＨＩＦＴ(左),82728267826882658273288db629,a3d3a3c8a3c9a3c6a3d428d7f329,14
0x000DF660,0x000DE650,-0x1010,．,8144,a3ae,2
0x000DF694,0x000DE684,-0x1010,］,816e,a3dd,2
0x000DF6AE,0x000DE69E,-0x1010,ＳＨＩＦＴ(右),8272826782688265827328894529,a3d3a3c8a3c9a3c6a3d428d3d229,14
0x000DF6C8,0x000DE6B8,-0x1010,ＥＮＴＥＲ,8264826d827382648271,a3c5a3cea3d4a3c5a3d2,10
0x000DF6E2,0x000DE6D2,-0x1010,；,8147,a3bb,2
0x000DF6FC,0x000DE6EC,-0x1010,／,815e,a3af,2
0x000DF74A,0x000DE73A,-0x1010,ＴＡＢ,827382608261,a3d4a3c1a3c2,6
0x000DF764,0x000DE754,-0x1010,＿,8151,a3df,2
0x000E08D0,0x000DF8C0,-0x1010,洋介,976d89ee,d1f3bde9,4
0x000E0904,0x000DF8F4,-0x1010,玲佳,97e689c0,c1e1bcd1,4
0x000E0924,0x000DF914,-0x1010,月菜,8c8e8dd8,d4c2b2cb,4
0x000E092C,0x000DF91C,-0x1010,彩音,8dca89b9,b2cad2f4,4
0x000E093C,0x000DF92C,-0x1010,透,93a7,cdb8,2
0x000E0984,0x000DF974,-0x1010,方向,95fb8cfc,b7bdcff2,4
0x000E09D8,0x000DF9C8,-0x1010,２５６,825182548255,a3b2a3b5a3b6,6
0x000E09E0,0x000DF9D0,-0x1010,１２８,825082518257,a3b1a3b2a3b8,6
0x000E09E8,0x000DF9D8,-0x1010,６４,82558253,a3b6a3b4,4
0x000E0A2C,0x000DFA1C,-0x1010,瞬間,8f758ad4,cbb2e967,4
0x000E0A34,0x000DFA24,-0x1010,高速,8d8291ac,b8dfcbd9,4
0x000E0A3C,0x000DFA2C,-0x1010,通常,92ca8fed,cda8b3a3,4
0x000E0A44,0x000DFA34,-0x1010,低速,92e191ac,b5cdcbd9,4
0x000E0A84,0x000DFA74,-0x1010,ＯＦＦ,826e82658265,a3cfa3c6a3c6,6
0x000E0A8C,0x000DFA7C,-0x1010,ＯＮ,826e826d,a3cfa3ce,4
0x000E0AEC,0x000DFADC,-0x1010,ＨＡＲＤ,8267826082718263,a3c8a3c1a3d2a3c4,8
0x000E0AF8,0x000DFAE8,-0x1010,ＮＯＲＭＡＬ,826d826e8271826c8260826b,a3cea3cfa3d2a3cda3c1a3cc,12
0x000E0B08,0x000DFAF8,-0x1010,ＥＡＳＹ,8264826082728278,a3c5a3c1a3d3a3d9,8
0x000E0BC8,0x000DFBB8,-0x1010,未取得,96a28ee693be,ceb4c8a1b5c3,6
0x000E0BD0,0x000DFBC0,-0x1010,？？？？？？？？,81488148814881488148814881488148,a3bfa3bfa3bfa3bfa3bfa3bfa3bfa3bf,16
0x000E11D4,0x000E01C4,-0x1010,【,8179,a1be,2
0x000E11EC,0x000E01DC,-0x1010,%8d 回,2538642089f1,25386420bbd8,6
0x000E127C,0x000E026C,-0x1010,？？？,814881488148,a3bfa3bfa3bf,6
0x000E1298,0x000E0288,-0x1010,…,8163,a1ad,2
0x000E1384,0x000E0374,-0x1010,。,8142,a1a3,2
0x000E1388,0x000E0378,-0x1010,、,8141,a1a2,2
0x000E1394,0x000E0384,-0x1010,『,8177,a1ba,2
0x000E1398,0x000E0388,-0x1010,「,8175,a1b8,2
0x000E139C,0x000E038C,-0x1010,《,8173,a1b6,2
0x000E13A0,0x000E0390,-0x1010,〈,8171,a1b4,2
0x000E13A4,0x000E0394,-0x1010,｛,816f,a3fb,2
0x000E13A8,0x000E0398,-0x1010,［,816d,a3db,2
0x000E13AC,0x000E039C,-0x1010,〔,816b,a1b2,2
0x000E13B0,0x000E03A0,-0x1010,（,8169,a3a8,2
0x000E13B4,0x000E03A4,-0x1010,“,8167,a1b0,2
0x000E13B8,0x000E03A8,-0x1010,‘,8165,a1ae,2
0x000E13BC,0x000E03AC,-0x1010,．,8144,a3ae,2
0x000E13C0,0x000E03B0,-0x1010,，,8143,a3ac,2
0x000E13C4,0x000E03B4,-0x1010,】,817a,a1bf,2
0x000E13C8,0x000E03B8,-0x1010,』,8178,a1bb,2
0x000E13CC,0x000E03BC,-0x1010,」,8176,a1b9,2
0x000E13D0,0x000E03C0,-0x1010,》,8174,a1b7,2
0x000E13D4,0x000E03C4,-0x1010,〉,8172,a1b5,2
0x000E13D8,0x000E03C8,-0x1010,｝,8170,a3fd,2
0x000E13DC,0x000E03CC,-0x1010,］,816e,a3dd,2
0x000E13E0,0x000E03D0,-0x1010,〕,816c,a1b3,2
0x000E13E4,0x000E03D4,-0x1010,）,816a,a3a9,2
0x000E13E8,0x000E03D8,-0x1010,”,8168,a1b1,2
0x000E13EC,0x000E03DC,-0x1010,’,8166,a1af,2
0x000E13F0,0x000E03E0,-0x1010,‐,815d,a95c,2
0x000E13F4,0x000E03E4,-0x1010,゜,814b,a962,2
0x000E13F8,0x000E03E8,-0x1010,゛,814a,a961,2
0x000E13FC,0x000E03EC,-0x1010,！,8149,a3a1,2
0x000E1400,0x000E03F0,-0x1010,？,8148,a3bf,2
0x000E1404,0x000E03F4,-0x1010,；,8147,a3bb,2
0x000E1408,0x000E03F8,-0x1010,：,8146,a3ba,2
0x000E1504,0x000E04F4,-0x1010,入室,93fc8eba,c8ebcad2,4
