path,size,sha256,group,current_handling,audit_result,rationale
BFE.PAC,23984401,7f5f66e03d23869aeb2c8de771f4d34907478a85cfa8982e9da9c64612c4114e,PAC,外部部署为 release/Update.pac,COVERED,旧汉化 BFE.PAC 原字节作为 Update.pac 使用。
BMP/BatParts/MekaPnl.grp,55554,63bcce7cd8685d807780c019594769a7864a0cc424476a6ba5e19d2481f6d084,战斗部件图,回退 clean 2003 原文件,PASS,用户全量二进制比较确认：该旧汉化 loose 文件与干净原版同路径文件逐字节完全相同。
BMP/BatParts/Parts.grp,14330,40b748d7775a5d9881f1c40ea2955440ec08f574ae9f04827c067d29e705b017,战斗部件图,回退 clean 2003 原文件,PASS,用户全量二进制比较确认：该旧汉化 loose 文件与干净原版同路径文件逐字节完全相同。
BMP/Hell/Font.grp,1036825,391e8b1eebb4304bb3426a564f248e347e564d5c9e9f20a169f05b7522a49d87,ASI内嵌差异loose资源,编译进 BaldrForceCN.asi，CreateFileA 精确路径桥接,COVERED,用户对 311 个 loose 文件逐项二进制比较，确认该文件与干净原版不同。
BMP/Hell/Menu.ANI,11410,c8cb3515b8e1ded43c1dfe6d778a8f2f71479ed20ca5cad13ecd25a4eede1143,HELLMODE资源（原版一致）,回退 clean 2003 原文件,PASS,用户全量二进制比较确认：该旧汉化 loose 文件与干净原版同路径文件逐字节完全相同。
BMP/Hell/Menu.LST,236,05fdcf8df6fb801698f284534bcde643020fbd492122390c93d55f49224fc4fa,HELLMODE资源（原版一致）,回退 clean 2003 原文件,PASS,用户全量二进制比较确认：该旧汉化 loose 文件与干净原版同路径文件逐字节完全相同。
BMP/Hell/Menu.spr,2059,1a69079975c176607541c6b446a05e7feb28dd32ec7c0c913ac1b4c7a2b69689,HELLMODE资源（原版一致）,回退 clean 2003 原文件,PASS,用户全量二进制比较确认：该旧汉化 loose 文件与干净原版同路径文件逐字节完全相同。
BMP/Hell/MenuMsg.grp,277855,2ee492082f3bb677178a20086beed9693b397e9709bf682a10a266f9b7e75bf6,ASI内嵌差异loose资源,编译进 BaldrForceCN.asi，CreateFileA 精确路径桥接,COVERED,用户对 311 个 loose 文件逐项二进制比较，确认该文件与干净原版不同。
BMP/Hell/Num.grp,17903,1240ce33ba12be861d45592fee5154776bc3c36b71437227f070b962c49f98a2,HELLMODE资源（原版一致）,回退 clean 2003 原文件,PASS,用户全量二进制比较确认：该旧汉化 loose 文件与干净原版同路径文件逐字节完全相同。
BMP/Hell/hell_Bg.grp,350487,a22c98b8d9688c6697a6a898dbe746bddd58f11ecf6118662f1bf12b1bfd8118,HELLMODE资源（原版一致）,回退 clean 2003 原文件,PASS,用户全量二进制比较确认：该旧汉化 loose 文件与干净原版同路径文件逐字节完全相同。
BMP/Hell/hell_Menu01.grp,58700,033b6d61480266d734b74b83be9ef98cf4d30cd530d14865f5dd8d074d49f5ee,HELLMODE资源（原版一致）,回退 clean 2003 原文件,PASS,用户全量二进制比较确认：该旧汉化 loose 文件与干净原版同路径文件逐字节完全相同。
BMP/Hell/hell_Menu02.grp,13298,c27a4b38f7e0f149be7c060c3b95c555c480d74c2be05f3bb807d91b26012c61,HELLMODE资源（原版一致）,回退 clean 2003 原文件,PASS,用户全量二进制比较确认：该旧汉化 loose 文件与干净原版同路径文件逐字节完全相同。
BMP/Hell/hell_Menu03.grp,94201,d4232bc336894b9dc4ff8b081ab7bf609f31e102a8b48b9310d3cf3263d01df1,ASI内嵌差异loose资源,编译进 BaldrForceCN.asi，CreateFileA 精确路径桥接,COVERED,用户对 311 个 loose 文件逐项二进制比较，确认该文件与干净原版不同。
BMP/Hell/mini_ayane.grp,16140,8d2d8d81aa4d8e16b2352d9671ee0adfc61a173d4622f635b200b1632015d4f4,HELLMODE资源（原版一致）,回退 clean 2003 原文件,PASS,用户全量二进制比较确认：该旧汉化 loose 文件与干净原版同路径文件逐字节完全相同。
BMP/Hell/mini_bacelor.grp,16127,f0f0defb2dd5773e0a7b9c0b6d6a33a1259a00639aea30dee742c1c95d7decde,HELLMODE资源（原版一致）,回退 clean 2003 原文件,PASS,用户全量二进制比较确认：该旧汉化 loose 文件与干净原版同路径文件逐字节完全相同。
BMP/Hell/mini_minori.grp,22798,4384440ab87bdff8e4b436f86400a2fe226e3fe47052a89d9d4256defb6fe051,HELLMODE资源（原版一致）,回退 clean 2003 原文件,PASS,用户全量二进制比较确认：该旧汉化 loose 文件与干净原版同路径文件逐字节完全相同。
BMP/Hell/mini_ren.grp,18113,a1302eeeb08bc2f8729ea626af46711e1a924dda47a932b643c7a060b041edba,HELLMODE资源（原版一致）,回退 clean 2003 原文件,PASS,用户全量二进制比较确认：该旧汉化 loose 文件与干净原版同路径文件逐字节完全相同。
BMP/Hell/mini_ryan.grp,31364,32584920d270aeb773fe2a07b140504a6a882e1ee46edb084a554f332d5438cb,HELLMODE资源（原版一致）,回退 clean 2003 原文件,PASS,用户全量二进制比较确认：该旧汉化 loose 文件与干净原版同路径文件逐字节完全相同。
BMP/Hell/mini_tukina.grp,18587,1917d7013424b9335aff8739a7bcd623c43850b6fbb20a5e319e832e678ad7fe,HELLMODE资源（原版一致）,回退 clean 2003 原文件,PASS,用户全量二进制比较确认：该旧汉化 loose 文件与干净原版同路径文件逐字节完全相同。
BMP/Map/03_00_06.map,27701,f5d2e5d3645891540b21534320f80399dacb2d1669bdbcfe38ed88ea0280bb3c,地图数据,回退 clean 2003 原文件,PASS,用户全量二进制比较确认：该旧汉化 loose 文件与干净原版同路径文件逐字节完全相同。
BMP/Map/05_03_00.map,22949,bcf8e52813784f209e7f29245bf67f73bb5839694fb4678795c8927da4430ae8,地图数据,回退 clean 2003 原文件,PASS,用户全量二进制比较确认：该旧汉化 loose 文件与干净原版同路径文件逐字节完全相同。
BMP/Map/08_00_00.map,25690,5aeef635435191771a2ef48e00ff1980bd5c691e391f3b2fa5df72fbf209bc2a,地图数据,回退 clean 2003 原文件,PASS,用户全量二进制比较确认：该旧汉化 loose 文件与干净原版同路径文件逐字节完全相同。
BMP/Map/12_00_00.map,33496,46be3ad683e47d99cefbff8b91381b9258ebb4e21fe36f2d0100914dc9e3e926,地图数据,回退 clean 2003 原文件,PASS,用户全量二进制比较确认：该旧汉化 loose 文件与干净原版同路径文件逐字节完全相同。
BMP/Map/15_00_00.map,38230,4409ec2d26239085debc4d15c9ea190d9a029a2cb421c16e13526df6ad0cb71d,地图数据,回退 clean 2003 原文件,PASS,用户全量二进制比较确认：该旧汉化 loose 文件与干净原版同路径文件逐字节完全相同。
BMP/Meka/neko01.ANI,109970,d57a485c091f88d9ed6c99b248063ebeb9c811fc6bf7a2ffe34e0042f799fd3b,机体图形/动画,回退 clean 2003 原文件,PASS,用户全量二进制比较确认：该旧汉化 loose 文件与干净原版同路径文件逐字节完全相同。
BMP/Meka/neko01.LST,63,da2f65beda01b149fe488393552d2c698e85eb574e3cf4a6931889b3a47b1438,机体图形/动画,回退 clean 2003 原文件,PASS,用户全量二进制比较确认：该旧汉化 loose 文件与干净原版同路径文件逐字节完全相同。
BMP/Meka/neko01.grp,963474,7b575bca409b1016e33bf033a71df0fec949be9ca72bb6671cbf01c738daa76d,机体图形/动画,回退 clean 2003 原文件,PASS,用户全量二进制比较确认：该旧汉化 loose 文件与干净原版同路径文件逐字节完全相同。
BMP/Meka/neko01.spr,23836,6fad4c49f95b03e7fa7f22f5cd2e3ad6d4b76a7fd20168376f254c8569706e24,机体图形/动画,回退 clean 2003 原文件,PASS,用户全量二进制比较确认：该旧汉化 loose 文件与干净原版同路径文件逐字节完全相同。
BMP/Meka/neko02.ANI,126458,113ac793cb5c8b7dec17a9b2596d7927b73e8e7875b69ae9faf99856f796e989,机体图形/动画,回退 clean 2003 原文件,PASS,用户全量二进制比较确认：该旧汉化 loose 文件与干净原版同路径文件逐字节完全相同。
BMP/Meka/neko02.LST,63,909ac7aeebb2ebf7cf3d01f015acd6c735fd4c3c9c639e745e652dfcad19ad36,机体图形/动画,回退 clean 2003 原文件,PASS,用户全量二进制比较确认：该旧汉化 loose 文件与干净原版同路径文件逐字节完全相同。
BMP/Meka/neko02.grp,1379910,563043f7638d566d2087b98d487c5790ecfdbbd08a3aaf9918b8e42b5175f2c4,机体图形/动画,回退 clean 2003 原文件,PASS,用户全量二进制比较确认：该旧汉化 loose 文件与干净原版同路径文件逐字节完全相同。
BMP/Meka/neko02.spr,28997,52ac22f458d93dbd835fd3852c9342a48d9ab1e7f9354b846c5c61163ad14d8c,机体图形/动画,回退 clean 2003 原文件,PASS,用户全量二进制比较确认：该旧汉化 loose 文件与干净原版同路径文件逐字节完全相同。
BMP/Meka/neko03.ANI,98490,4d045d54d646162dc2c00d9dc8fa94c9654c61ba344fbb26aa26efa0ef6b1a89,机体图形/动画,回退 clean 2003 原文件,PASS,用户全量二进制比较确认：该旧汉化 loose 文件与干净原版同路径文件逐字节完全相同。
BMP/Meka/neko03.LST,63,a02aebe10eb531da61810fa86cc8853edcea8a85bd795d901f686d1d8900a9ed,机体图形/动画,回退 clean 2003 原文件,PASS,用户全量二进制比较确认：该旧汉化 loose 文件与干净原版同路径文件逐字节完全相同。
BMP/Meka/neko03.grp,1086985,9ae5f8d189fa62db30169c8310e02e6b6cd7d43f2c0be4067d017f82287c2bac,机体图形/动画,回退 clean 2003 原文件,PASS,用户全量二进制比较确认：该旧汉化 loose 文件与干净原版同路径文件逐字节完全相同。
BMP/Meka/neko03.spr,19344,efa79bac9ad7715a07735ca57c26e9b57c54a2f1c2a4972aa65217be07991895,机体图形/动画,回退 clean 2003 原文件,PASS,用户全量二进制比较确认：该旧汉化 loose 文件与干净原版同路径文件逐字节完全相同。
BMP/Meka/neko04.ANI,100538,de475b5764769ce266999e414ddfe38ce0762c1fa97378ab0ee219e02f02828c,机体图形/动画,回退 clean 2003 原文件,PASS,用户全量二进制比较确认：该旧汉化 loose 文件与干净原版同路径文件逐字节完全相同。
BMP/Meka/neko04.LST,63,ece750d8da4494e6137f55290f3a7a3a5fdc3f43cffd15259240ec8771c0ec06,机体图形/动画,回退 clean 2003 原文件,PASS,用户全量二进制比较确认：该旧汉化 loose 文件与干净原版同路径文件逐字节完全相同。
BMP/Meka/neko04.grp,1301679,7613109c64f5afad172cdf1974b21585a6f9e1bbeea450fe6b367739661ac4bf,机体图形/动画,回退 clean 2003 原文件,PASS,用户全量二进制比较确认：该旧汉化 loose 文件与干净原版同路径文件逐字节完全相同。
BMP/Meka/neko04.spr,22257,16d6fe019758bf95f8a75e23e8395d17c1d794498084cf06086be885e11084b7,机体图形/动画,回退 clean 2003 原文件,PASS,用户全量二进制比较确认：该旧汉化 loose 文件与干净原版同路径文件逐字节完全相同。
BMP/Meka/neko05.ANI,219834,3f1ceabe9268000c2df6f6a3779cd22bbbf4aa8921b9aab9fbfaaf0dd699c9ca,机体图形/动画,回退 clean 2003 原文件,PASS,用户全量二进制比较确认：该旧汉化 loose 文件与干净原版同路径文件逐字节完全相同。
BMP/Meka/neko05.LST,63,b7b09cca11af8272d0e1932fb18f4bc2287363e93a41653b836ca80909986743,机体图形/动画,回退 clean 2003 原文件,PASS,用户全量二进制比较确认：该旧汉化 loose 文件与干净原版同路径文件逐字节完全相同。
BMP/Meka/neko05.grp,1836393,cf2310e2b5d4bea9eafca925b7c1b02d02fea5e4212c97f455cc84b934538403,机体图形/动画,回退 clean 2003 原文件,PASS,用户全量二进制比较确认：该旧汉化 loose 文件与干净原版同路径文件逐字节完全相同。
BMP/Meka/neko05.spr,50390,bc6f79f0e8a00fe51380dc9e46f96fb8470fcaa5742f08705d7779e06f9b0c13,机体图形/动画,回退 clean 2003 原文件,PASS,用户全量二进制比较确认：该旧汉化 loose 文件与干净原版同路径文件逐字节完全相同。
BMP/Meka/zako_w48.grp,127085,fc6da887a9fab27a2a253dd5d979001c3cd3276b8d9a72e0dc9cfe08e1e7ef64,机体图形/动画,回退 clean 2003 原文件,PASS,用户全量二进制比较确认：该旧汉化 loose 文件与干净原版同路径文件逐字节完全相同。
BMP/Meka/zako_w48.spr,17976,dc992d73775b2001a3ed12eeebcd5bbb44dbadcc71c5c3866554e153fac007ad,机体图形/动画,回退 clean 2003 原文件,PASS,用户全量二进制比较确认：该旧汉化 loose 文件与干净原版同路径文件逐字节完全相同。
BMP/Meka/zako_w48_002.grp,15958,86e72a930055bee8d7e94d233d56e479fbeb47b680def182d29866495edf2c26,机体图形/动画,回退 clean 2003 原文件,PASS,用户全量二进制比较确认：该旧汉化 loose 文件与干净原版同路径文件逐字节完全相同。
BMP/Meka/zako_w48_003.grp,23326,1aa035e84fb99f2334a2034252adbbd17e8e2971a136e28560f487be86e1d82b,机体图形/动画,回退 clean 2003 原文件,PASS,用户全量二进制比较确认：该旧汉化 loose 文件与干净原版同路径文件逐字节完全相同。
BMP/Meka/zako_w48_004.grp,23326,1aa035e84fb99f2334a2034252adbbd17e8e2971a136e28560f487be86e1d82b,机体图形/动画,回退 clean 2003 原文件,PASS,用户全量二进制比较确认：该旧汉化 loose 文件与干净原版同路径文件逐字节完全相同。
BMP/Meka/zako_w48_005.grp,23326,1aa035e84fb99f2334a2034252adbbd17e8e2971a136e28560f487be86e1d82b,机体图形/动画,回退 clean 2003 原文件,PASS,用户全量二进制比较确认：该旧汉化 loose 文件与干净原版同路径文件逐字节完全相同。
Chapter.pac,8129004,565e48a1a272feb9c99223f0a5dac8e3a450dea4a5ce05e8e81e8e400b9e960d,PAC,外部部署为 release/Chapter.pac,COVERED,旧汉化 Chapter.pac 原字节直接部署。
Dat/BatVoice/akira.dat,1536,4b1ad63e9a30baddc7e67fb7abd044e273dce12ea155f8b6c4d08aefbca95a10,战斗语音路由,回退 clean 2003 原文件,PASS,用户全量二进制比较确认：该旧汉化 loose 文件与干净原版同路径文件逐字节完全相同。
Dat/BatVoice/ayane.dat,1536,031a1bfb5c3c9ba4a5f3b726cd5b699e54636904a630fd95fa0ddd0ff802bfa2,战斗语音路由,回退 clean 2003 原文件,PASS,用户全量二进制比较确认：该旧汉化 loose 文件与干净原版同路径文件逐字节完全相同。
Dat/BatVoice/ayane_boss.dat,1536,f8589012930c79265c17dbbe14a645e8d67f8b74c8f7c2587b607d561b208aa3,战斗语音路由,回退 clean 2003 原文件,PASS,用户全量二进制比较确认：该旧汉化 loose 文件与干净原版同路径文件逐字节完全相同。
Dat/BatVoice/bachelor.dat,1536,a0928a4c5368aa7855bed20dc1d49016df6e48b6f5b0abb602d8022b207c9a3c,战斗语音路由,回退 clean 2003 原文件,PASS,用户全量二进制比较确认：该旧汉化 loose 文件与干净原版同路径文件逐字节完全相同。
Dat/BatVoice/bachelor2.dat,1536,a99e9c845bd1827f7bd761fe304eaa5f96150003ef702e6c2d3cbb8ade507afb,战斗语音路由,回退 clean 2003 原文件,PASS,用户全量二进制比较确认：该旧汉化 loose 文件与干净原版同路径文件逐字节完全相同。
Dat/BatVoice/bachelor_boss.dat,1536,a99e9c845bd1827f7bd761fe304eaa5f96150003ef702e6c2d3cbb8ade507afb,战斗语音路由,回退 clean 2003 原文件,PASS,用户全量二进制比较确认：该旧汉化 loose 文件与干净原版同路径文件逐字节完全相同。
Dat/BatVoice/genha.dat,1536,618705f8f3dfe9068a51e749b194fae6add54e6d80cb75253d9b05b3ce046d42,战斗语音路由,回退 clean 2003 原文件,PASS,用户全量二进制比较确认：该旧汉化 loose 文件与干净原版同路径文件逐字节完全相同。
Dat/BatVoice/kaira.dat,1536,197df2835c10d8e80b2490066284f6e1607eafcc20e03b85e2da5c32e953562d,战斗语音路由,回退 clean 2003 原文件,PASS,用户全量二进制比较确认：该旧汉化 loose 文件与干净原版同路径文件逐字节完全相同。
Dat/BatVoice/leviathan.dat,1536,12d323f1c4b42de7c7e5a599ee5cd43c09c497bfcfce3296639c23428827846e,战斗语音路由,回退 clean 2003 原文件,PASS,用户全量二进制比较确认：该旧汉化 loose 文件与干净原版同路径文件逐字节完全相同。
Dat/BatVoice/leviathan2.dat,1536,369239271fcd189f9de2f2f64e99fa79057cf0906f5cad2f9721483a46dfa6a6,战斗语音路由,回退 clean 2003 原文件,PASS,用户全量二进制比较确认：该旧汉化 loose 文件与干净原版同路径文件逐字节完全相同。
Dat/BatVoice/neko01.dat,1536,5e3b23faf42b2ff95660173eafb1970f36bbf99b649f602a207481eb560c4396,战斗语音路由,回退 clean 2003 原文件,PASS,用户全量二进制比较确认：该旧汉化 loose 文件与干净原版同路径文件逐字节完全相同。
Dat/BatVoice/neko02.dat,1536,d9ae366e6d8ddce63ed0a50542700bfcb430775cb4be787a1b169cd74482176a,战斗语音路由,回退 clean 2003 原文件,PASS,用户全量二进制比较确认：该旧汉化 loose 文件与干净原版同路径文件逐字节完全相同。
Dat/BatVoice/neko03.dat,1536,7adaf1baf028e59a986c7c7ab0a36143dc3f8253ed89459d781a5ff849fbbea6,战斗语音路由,回退 clean 2003 原文件,PASS,用户全量二进制比较确认：该旧汉化 loose 文件与干净原版同路径文件逐字节完全相同。
Dat/BatVoice/neko04.dat,1536,a9a99641b1a1666f5a241a17457af788c116baece60e26fe186ab6e88436d640,战斗语音路由,回退 clean 2003 原文件,PASS,用户全量二进制比较确认：该旧汉化 loose 文件与干净原版同路径文件逐字节完全相同。
Dat/BatVoice/neko05.dat,1536,d1b6b3607a8477746c887200e484fd8d899db095e7458b22a36a9e7a9a65d26c,战斗语音路由,回退 clean 2003 原文件,PASS,用户全量二进制比较确认：该旧汉化 loose 文件与干净原版同路径文件逐字节完全相同。
Dat/BatVoice/quwon.dat,1536,c942d187c27cc0af76fc4f8129db04c3b13627c048656d2b988948eea5085409,战斗语音路由,回退 clean 2003 原文件,PASS,用户全量二进制比较确认：该旧汉化 loose 文件与干净原版同路径文件逐字节完全相同。
Dat/BatVoice/tukina.dat,1536,906cc8ef1bc9595f8a0f740aac013fc2de353be8a3eb981faaec232f4d9d8ec4,战斗语音路由,回退 clean 2003 原文件,PASS,用户全量二进制比较确认：该旧汉化 loose 文件与干净原版同路径文件逐字节完全相同。
Dat/BatVoice/tukina_a.dat,1536,906cc8ef1bc9595f8a0f740aac013fc2de353be8a3eb981faaec232f4d9d8ec4,战斗语音路由,回退 clean 2003 原文件,PASS,用户全量二进制比较确认：该旧汉化 loose 文件与干净原版同路径文件逐字节完全相同。
Dat/BatVoice/tukina_b.dat,1536,cb9061b73ac7ddcb757a5fa43e691bcc5301d6a8ba8a2296b42ad3bc99fe9636,战斗语音路由,回退 clean 2003 原文件,PASS,用户全量二进制比较确认：该旧汉化 loose 文件与干净原版同路径文件逐字节完全相同。
Dat/BatVoice/tukina_boss.dat,1536,cb9061b73ac7ddcb757a5fa43e691bcc5301d6a8ba8a2296b42ad3bc99fe9636,战斗语音路由,回退 clean 2003 原文件,PASS,用户全量二进制比较确认：该旧汉化 loose 文件与干净原版同路径文件逐字节完全相同。
Dat/BatVoice/yagisawa.dat,1536,0f307395f4dfcda3ee5f323f5bc75bd5610a9fccc39bbdd0b275dfa5e93ab9be,战斗语音路由,回退 clean 2003 原文件,PASS,用户全量二进制比较确认：该旧汉化 loose 文件与干净原版同路径文件逐字节完全相同。
Dat/BatVoice/yagisawa_mogi.dat,1536,0f307395f4dfcda3ee5f323f5bc75bd5610a9fccc39bbdd0b275dfa5e93ab9be,战斗语音路由,回退 clean 2003 原文件,PASS,用户全量二进制比较确认：该旧汉化 loose 文件与干净原版同路径文件逐字节完全相同。
Dat/BatVoice/yousuke.dat,1536,f0f17536102e316c3b6a94027d7f235ee40ad654d61b1078892bcbf4e01e6733,战斗语音路由,回退 clean 2003 原文件,PASS,用户全量二进制比较确认：该旧汉化 loose 文件与干净原版同路径文件逐字节完全相同。
Dat/BatVoice/yuuya.dat,1536,844ed19561156d4973f764568558ab1a4e4986760c2cc0ee25d20135137d1eb9,战斗语音路由,回退 clean 2003 原文件,PASS,用户全量二进制比较确认：该旧汉化 loose 文件与干净原版同路径文件逐字节完全相同。
Dat/Cpu/TOORU.CPU,6020,137f8a4333e194629ccb66273ceb17807fab0a17307f585e201b06419d6b248a,CPU/AI（原版一致）,回退 clean 2003 原文件,PASS,用户全量二进制比较确认：该旧汉化 loose 文件与干净原版同路径文件逐字节完全相同。
Dat/Cpu/akira.cpu,1646,a544a30c9f1a7f4a7e57834f217cd8bdee078a973e6df45e5f27fdcc668f632b,CPU/AI（原版一致）,回退 clean 2003 原文件,PASS,用户全量二进制比较确认：该旧汉化 loose 文件与干净原版同路径文件逐字节完全相同。
Dat/Cpu/ayane.cpu,1634,430e34f32dfbae7c958acdad515e47fbf6aeb46b50954fae96f57b7582ea6080,CPU/AI（原版一致）,回退 clean 2003 原文件,PASS,用户全量二进制比较确认：该旧汉化 loose 文件与干净原版同路径文件逐字节完全相同。
Dat/Cpu/ayane_boss.cpu,1586,e23d67db6f78cfadf07a20a6ff4d93ef530f34904e497f058a9304325d960f36,CPU/AI（原版一致）,回退 clean 2003 原文件,PASS,用户全量二进制比较确认：该旧汉化 loose 文件与干净原版同路径文件逐字节完全相同。
Dat/Cpu/bachelor.cpu,1856,2754fb2ea2f7b7429c4b042ec0a38f1b26c20fd84d7ef61c8c8552f22fc4ef20,CPU/AI（原版一致）,回退 clean 2003 原文件,PASS,用户全量二进制比较确认：该旧汉化 loose 文件与干净原版同路径文件逐字节完全相同。
Dat/Cpu/bachelor_boss.cpu,2312,5e73e5df4005f44f90a0263b53119c7ae9f900ef9211a4e7da8416f671ce6f80,CPU/AI（原版一致）,回退 clean 2003 原文件,PASS,用户全量二进制比较确认：该旧汉化 loose 文件与干净原版同路径文件逐字节完全相同。
Dat/Cpu/genha.cpu,2648,00a9a0ec65c96d61ce2b54ac327ae5f2dda2ac8c893ac026764ec036ccd7186b,ASI内嵌差异loose资源,编译进 BaldrForceCN.asi，CreateFileA 精确路径桥接,COVERED,用户对 311 个 loose 文件逐项二进制比较，确认该文件与干净原版不同。
Dat/Cpu/kaira.cpu,1496,830640626d5abdb27574109cdcae4ae251093cba85c1418495a26e3948b3db38,ASI内嵌差异loose资源,编译进 BaldrForceCN.asi，CreateFileA 精确路径桥接,COVERED,用户对 311 个 loose 文件逐项二进制比较，确认该文件与干净原版不同。
Dat/Cpu/leviathan.cpu,1550,1a685a6a5b57fe64b136dfe04ca83fa7fa25b4c439094fc1e3ead4ade44bacc4,CPU/AI（原版一致）,回退 clean 2003 原文件,PASS,用户全量二进制比较确认：该旧汉化 loose 文件与干净原版同路径文件逐字节完全相同。
Dat/Cpu/leviathan2.cpu,1712,f0811462a5bef51e216dc84ae78cffb38b16d8eafbd2baab349ffb2bb5544732,CPU/AI（原版一致）,回退 clean 2003 原文件,PASS,用户全量二进制比较确认：该旧汉化 loose 文件与干净原版同路径文件逐字节完全相同。
Dat/Cpu/leviathan_s.cpu,152,c86aa9b65fc793ff14074a80a88e65de0a8576f0517db0779e88826c70b0cf57,CPU/AI（原版一致）,回退 clean 2003 原文件,PASS,用户全量二进制比较确认：该旧汉化 loose 文件与干净原版同路径文件逐字节完全相同。
Dat/Cpu/neko01.cpu,1130,6b6690e06ffb171cacb334dccfa89928fd02c23aa0976335f040b5b1187faffc,CPU/AI（原版一致）,回退 clean 2003 原文件,PASS,用户全量二进制比较确认：该旧汉化 loose 文件与干净原版同路径文件逐字节完全相同。
Dat/Cpu/neko02.cpu,878,383040e5e4827373dea88e5ed410c6b7ddb2f0a3798564d3e49b7bac0b6a70e9,CPU/AI（原版一致）,回退 clean 2003 原文件,PASS,用户全量二进制比较确认：该旧汉化 loose 文件与干净原版同路径文件逐字节完全相同。
Dat/Cpu/neko03.cpu,1178,18618ff7e519c261a2ef0ac961f18a156f3b3687fd2c623786f619ad709bb8ac,CPU/AI（原版一致）,回退 clean 2003 原文件,PASS,用户全量二进制比较确认：该旧汉化 loose 文件与干净原版同路径文件逐字节完全相同。
Dat/Cpu/neko04.cpu,1592,2b94e4f37d36b2eed26d5d3e47e05df63b8a6371305e5cc25c1a732a092fcdd2,CPU/AI（原版一致）,回退 clean 2003 原文件,PASS,用户全量二进制比较确认：该旧汉化 loose 文件与干净原版同路径文件逐字节完全相同。
Dat/Cpu/neko05.cpu,2090,3183640b6b506c38e24e5a38bc24c3643cda5b220fe667dbe22f79268ee1dd82,CPU/AI（原版一致）,回退 clean 2003 原文件,PASS,用户全量二进制比较确认：该旧汉化 loose 文件与干净原版同路径文件逐字节完全相同。
Dat/Cpu/quwon.cpu,1460,59483e2d4cbaa65fbddf9ea00d18ba7a18baba7cbe82de4adc02b2b273498019,CPU/AI（原版一致）,回退 clean 2003 原文件,PASS,用户全量二进制比较确认：该旧汉化 loose 文件与干净原版同路径文件逐字节完全相同。
Dat/Cpu/tukina.cpu,1640,584bcb3662aa6555520395b82239d866890a59a29ce80532b5a5d43ee78a750a,CPU/AI（原版一致）,回退 clean 2003 原文件,PASS,用户全量二进制比较确认：该旧汉化 loose 文件与干净原版同路径文件逐字节完全相同。
Dat/Cpu/tukina02.cpu,152,b7f4ce6b91de84acc9942e1611e29f7859f37c926c3f6771f40ca8642594ae13,CPU/AI（原版一致）,回退 clean 2003 原文件,PASS,用户全量二进制比较确认：该旧汉化 loose 文件与干净原版同路径文件逐字节完全相同。
Dat/Cpu/tukina_a.cpu,1658,8cd736a8b6d65b051b1b122f96a4005e6818320bcbf11909a7690be4a34c632c,CPU/AI（原版一致）,回退 clean 2003 原文件,PASS,用户全量二进制比较确认：该旧汉化 loose 文件与干净原版同路径文件逐字节完全相同。
Dat/Cpu/tukina_b.cpu,1682,0145c6100d362024cb0ef7b93841f3be6d13d6618cd8f9ec97884ce0f30c26c4,CPU/AI（原版一致）,回退 clean 2003 原文件,PASS,用户全量二进制比较确认：该旧汉化 loose 文件与干净原版同路径文件逐字节完全相同。
Dat/Cpu/tukina_boss.cpu,1184,b162a05bcf5eb2866343ab1b7f450e79d7538e822c426d8d78a6f975fa383237,CPU/AI（原版一致）,回退 clean 2003 原文件,PASS,用户全量二进制比较确认：该旧汉化 loose 文件与干净原版同路径文件逐字节完全相同。
Dat/Cpu/yagisawa.cpu,2702,6e365ee3383fb47f96b202a965a1aca3a7f21f61f248f774174f30396efbfd20,CPU/AI（原版一致）,回退 clean 2003 原文件,PASS,用户全量二进制比较确认：该旧汉化 loose 文件与干净原版同路径文件逐字节完全相同。
Dat/Cpu/yagisawa_mogi.cpu,1790,a9751c4204673001f9dd0b96e4d335d99f5c3982b7e837824babd09e80e9749c,CPU/AI（原版一致）,回退 clean 2003 原文件,PASS,用户全量二进制比较确认：该旧汉化 loose 文件与干净原版同路径文件逐字节完全相同。
Dat/Cpu/yousuke.cpu,1112,e9e29b6ec39890f4c154c82d8c766ffb9cf89efaa2749d90225811edcf03fdb7,CPU/AI（原版一致）,回退 clean 2003 原文件,PASS,用户全量二进制比较确认：该旧汉化 loose 文件与干净原版同路径文件逐字节完全相同。
Dat/Cpu/yuuya.cpu,1262,ad02db696d6bfa4b686cf3aa183fe326636553bd9a8577aa64647a1e5d76b3b2,CPU/AI（原版一致）,回退 clean 2003 原文件,PASS,用户全量二进制比较确认：该旧汉化 loose 文件与干净原版同路径文件逐字节完全相同。
Dat/Cpu/zako_s_a01.cpu,806,defe774966ff3d0f229eca97c9f4710893c5c73e3c2c7222965c603386abae22,CPU/AI（原版一致）,回退 clean 2003 原文件,PASS,用户全量二进制比较确认：该旧汉化 loose 文件与干净原版同路径文件逐字节完全相同。
Dat/Cpu/zako_s_a02.cpu,806,cc0a4fc6ab8e55e15826afcb56b7965b14d6e8f2248df615afd97ea0476d9c82,CPU/AI（原版一致）,回退 clean 2003 原文件,PASS,用户全量二进制比较确认：该旧汉化 loose 文件与干净原版同路径文件逐字节完全相同。
Dat/Cpu/zako_s_t01.cpu,638,25a9f7d9c0ca9a4d234480b27cb1abdd95ff2517680c863b5568c4d6d144fb87,ASI内嵌差异loose资源,编译进 BaldrForceCN.asi，CreateFileA 精确路径桥接,COVERED,用户对 311 个 loose 文件逐项二进制比较，确认该文件与干净原版不同。
Dat/Cpu/zako_s_t06.cpu,722,8726c109410e2aa8a4a54de448813164749d4172560640f797f59a27c57578d0,CPU/AI（原版一致）,回退 clean 2003 原文件,PASS,用户全量二进制比较确认：该旧汉化 loose 文件与干净原版同路径文件逐字节完全相同。
Dat/Cpu/zako_s_t07.cpu,1436,eebcf861ecece99e1d16ca2c37afffebd84893bd68449e2e331d55452546ceb1,CPU/AI（原版一致）,回退 clean 2003 原文件,PASS,用户全量二进制比较确认：该旧汉化 loose 文件与干净原版同路径文件逐字节完全相同。
Dat/Cpu/zako_s_t08.cpu,1022,e6b60832f82fbb7a554ba81520075c7662211586c12930508a66e8484cdbdf38,CPU/AI（原版一致）,回退 clean 2003 原文件,PASS,用户全量二进制比较确认：该旧汉化 loose 文件与干净原版同路径文件逐字节完全相同。
Dat/Cpu/zako_s_t09.cpu,1064,b721a3e6c198aac9fcf78b61843e8b10568611a91c60e3d833388ede43065da9,CPU/AI（原版一致）,回退 clean 2003 原文件,PASS,用户全量二进制比较确认：该旧汉化 loose 文件与干净原版同路径文件逐字节完全相同。
Dat/Cpu/zako_s_t10.cpu,734,865dea9fd4d28be779c6670d58b58b4de4fbbd51974f9bac0313a20022f628b4,CPU/AI（原版一致）,回退 clean 2003 原文件,PASS,用户全量二进制比较确认：该旧汉化 loose 文件与干净原版同路径文件逐字节完全相同。
Dat/Cpu/zako_s_t11.cpu,1034,9b6d2647cc704f2ff6589f0041450b2927fa1941426ca159da3c1d1c6f66fe6c,CPU/AI（原版一致）,回退 clean 2003 原文件,PASS,用户全量二进制比较确认：该旧汉化 loose 文件与干净原版同路径文件逐字节完全相同。
Dat/Cpu/zako_s_t12.cpu,992,fa709d57d60cee0bb374e794b850601a42428966690c7a53b3600c4ecde6ddff,CPU/AI（原版一致）,回退 clean 2003 原文件,PASS,用户全量二进制比较确认：该旧汉化 loose 文件与干净原版同路径文件逐字节完全相同。
Dat/Cpu/zako_s_t13.cpu,896,c8920c98a5efc81e6f62e9a1cf78317c541dc7446eacf2adda8062051dbbfa19,CPU/AI（原版一致）,回退 clean 2003 原文件,PASS,用户全量二进制比较确认：该旧汉化 loose 文件与干净原版同路径文件逐字节完全相同。
Dat/Cpu/zako_s_t14.cpu,920,684145bb4bc2b849ce05523dc54254be144b84f6bee781dc1922ea473e92856c,CPU/AI（原版一致）,回退 clean 2003 原文件,PASS,用户全量二进制比较确认：该旧汉化 loose 文件与干净原版同路径文件逐字节完全相同。
Dat/Cpu/zako_s_t15.cpu,1004,3054ec1cdd48a6ca253b68374e8c1d53a25a913680bb9a60fee6293477a0c13b,CPU/AI（原版一致）,回退 clean 2003 原文件,PASS,用户全量二进制比较确认：该旧汉化 loose 文件与干净原版同路径文件逐字节完全相同。
Dat/Cpu/zako_s_t16.cpu,1004,19b86ea76cb2fbd547d7d86fb0230f1d3c755c3151a3036521b1f2a2971c44ec,CPU/AI（原版一致）,回退 clean 2003 原文件,PASS,用户全量二进制比较确认：该旧汉化 loose 文件与干净原版同路径文件逐字节完全相同。
Dat/Cpu/zako_s_t17.cpu,968,556f9d0a03e8e6bfc0656d0908ca761a6c8da7c769ecd4958d5a59796d569cde,CPU/AI（原版一致）,回退 clean 2003 原文件,PASS,用户全量二进制比较确认：该旧汉化 loose 文件与干净原版同路径文件逐字节完全相同。
Dat/Cpu/zako_s_t18.cpu,752,b877a3a66756bd25243d0e64c345fa79fa9c19adf04b257f223ea34f66a78859,CPU/AI（原版一致）,回退 clean 2003 原文件,PASS,用户全量二进制比较确认：该旧汉化 loose 文件与干净原版同路径文件逐字节完全相同。
Dat/Cpu/zako_s_t19.cpu,656,3bddd2cb1f2cd7fb0ac6f74cabc291970b2705ccde12ec93cbaabddd407fc564,CPU/AI（原版一致）,回退 clean 2003 原文件,PASS,用户全量二进制比较确认：该旧汉化 loose 文件与干净原版同路径文件逐字节完全相同。
Dat/Cpu/zako_s_t20.cpu,818,d9bbd7c919703d39001e545036c0084f80a96e84922906945d745ab79ae58f8c,CPU/AI（原版一致）,回退 clean 2003 原文件,PASS,用户全量二进制比较确认：该旧汉化 loose 文件与干净原版同路径文件逐字节完全相同。
Dat/Cpu/zako_s_t21.cpu,992,a71d60d56e8735b972907cc681193b058217fc5b10b32578e92587ffb512e69e,CPU/AI（原版一致）,回退 clean 2003 原文件,PASS,用户全量二进制比较确认：该旧汉化 loose 文件与干净原版同路径文件逐字节完全相同。
Dat/Cpu/zako_s_t22.cpu,800,23ede97a7e487f21ea5b4411da04840ebdf1b267e66afb7c3d4ba260730d206f,CPU/AI（原版一致）,回退 clean 2003 原文件,PASS,用户全量二进制比较确认：该旧汉化 loose 文件与干净原版同路径文件逐字节完全相同。
Dat/Cpu/zako_s_t23.cpu,950,3f43017ec7df49eca7cc7b9719abc717afe8b6838fcc122d77f19e487c45a338,CPU/AI（原版一致）,回退 clean 2003 原文件,PASS,用户全量二进制比较确认：该旧汉化 loose 文件与干净原版同路径文件逐字节完全相同。
Dat/Cpu/zako_s_t24.cpu,842,09f7d7cff712bac28afcfc731e5c658dea7a9ab02d993b9434b4c08f54f4b017,CPU/AI（原版一致）,回退 clean 2003 原文件,PASS,用户全量二进制比较确认：该旧汉化 loose 文件与干净原版同路径文件逐字节完全相同。
Dat/Cpu/zako_s_t25.cpu,1004,e9070312a0aa363b32507321b4eb2e126bf9befc2111eb511b698ce91b5a9e1b,CPU/AI（原版一致）,回退 clean 2003 原文件,PASS,用户全量二进制比较确认：该旧汉化 loose 文件与干净原版同路径文件逐字节完全相同。
Dat/Cpu/zako_s_t26.cpu,872,c0bfb51e356581e7e8e543f8bf887969f8d49f256149526c85bf962cbec3b056,CPU/AI（原版一致）,回退 clean 2003 原文件,PASS,用户全量二进制比较确认：该旧汉化 loose 文件与干净原版同路径文件逐字节完全相同。
Dat/Cpu/zako_s_t27.cpu,764,fef79dc9f403a7ef3efbf0807868fd37041d927c7456badb7fe50771932e433c,CPU/AI（原版一致）,回退 clean 2003 原文件,PASS,用户全量二进制比较确认：该旧汉化 loose 文件与干净原版同路径文件逐字节完全相同。
Dat/Cpu/zako_s_t28.cpu,980,0d6c99870310cbcdb73255eac3a4c9ad0b4737e110cd5ab112e6aea4ac8a232a,CPU/AI（原版一致）,回退 clean 2003 原文件,PASS,用户全量二进制比较确认：该旧汉化 loose 文件与干净原版同路径文件逐字节完全相同。
Dat/Cpu/zako_s_t30.cpu,1418,55c3b70882c2030e8d5e17a79d3177b4e1329436e5f49a93e0c62ca0aa297e44,CPU/AI（原版一致）,回退 clean 2003 原文件,PASS,用户全量二进制比较确认：该旧汉化 loose 文件与干净原版同路径文件逐字节完全相同。
Dat/Cpu/zako_s_t34.cpu,1172,a82e82942ba2eeced8f32e336d5f16574805271423f8a64cb3d9a7f998dbd16b,CPU/AI（原版一致）,回退 clean 2003 原文件,PASS,用户全量二进制比较确认：该旧汉化 loose 文件与干净原版同路径文件逐字节完全相同。
Dat/Cpu/zako_s_v01.cpu,1508,556501aae09831e442f2b34efab5074ee6a5288882db45ead350abd220b80e3c,CPU/AI（原版一致）,回退 clean 2003 原文件,PASS,用户全量二进制比较确认：该旧汉化 loose 文件与干净原版同路径文件逐字节完全相同。
Dat/Cpu/zako_s_v02.cpu,926,6820e67ae16fc40156a3e743397df6fcfb3236c7d45d4f673008d3636d9b3215,CPU/AI（原版一致）,回退 clean 2003 原文件,PASS,用户全量二进制比较确认：该旧汉化 loose 文件与干净原版同路径文件逐字节完全相同。
Dat/Cpu/zako_s_v03.cpu,1268,e627196c1b366d250dee9966c314440bdf439b4157dcd12b03a2ec86d9c79673,CPU/AI（原版一致）,回退 clean 2003 原文件,PASS,用户全量二进制比较确认：该旧汉化 loose 文件与干净原版同路径文件逐字节完全相同。
Dat/Cpu/zako_s_v04.cpu,602,39fef7ad5563fbe2dec54cf96bfbd151a1a0aee9567144ddec44b1719ed75588,CPU/AI（原版一致）,回退 clean 2003 原文件,PASS,用户全量二进制比较确认：该旧汉化 loose 文件与干净原版同路径文件逐字节完全相同。
Dat/Cpu/zako_s_v05.cpu,1562,86578ce48f3c6696357f3986a8e910fbf6681f8fd10b0b30d55165a1462dab35,CPU/AI（原版一致）,回退 clean 2003 原文件,PASS,用户全量二进制比较确认：该旧汉化 loose 文件与干净原版同路径文件逐字节完全相同。
Dat/Cpu/zako_s_v06.cpu,980,200c04016771708c8b0823c000f447abc20b3cea4d8f557ed87c1e63e4fe1104,CPU/AI（原版一致）,回退 clean 2003 原文件,PASS,用户全量二进制比较确认：该旧汉化 loose 文件与干净原版同路径文件逐字节完全相同。
Dat/Cpu/zako_s_v07.cpu,1376,a4d53ed9b64efd2e613f9e81ad83d2944bad4d935bbcf75636161f079c8be5bf,CPU/AI（原版一致）,回退 clean 2003 原文件,PASS,用户全量二进制比较确认：该旧汉化 loose 文件与干净原版同路径文件逐字节完全相同。
Dat/Cpu/zako_s_v08.cpu,626,58ce4bdcd11e07ccc76837b62184e5842eec56d38a4773eacdf8cdd6271cfda6,CPU/AI（原版一致）,回退 clean 2003 原文件,PASS,用户全量二进制比较确认：该旧汉化 loose 文件与干净原版同路径文件逐字节完全相同。
Dat/Cpu/zako_w02.cpu,962,67ad049677c54523e7c784e95bb602b8a53e253dd37d72e2cc80167af64be59f,CPU/AI（原版一致）,回退 clean 2003 原文件,PASS,用户全量二进制比较确认：该旧汉化 loose 文件与干净原版同路径文件逐字节完全相同。
Dat/Cpu/zako_w03.cpu,806,f4a89a391868495ae9cb8fcbee247c24b747d1b59d2ecc3d70f06c94c731cc9c,CPU/AI（原版一致）,回退 clean 2003 原文件,PASS,用户全量二进制比较确认：该旧汉化 loose 文件与干净原版同路径文件逐字节完全相同。
Dat/Cpu/zako_w04.cpu,656,2c38e71c4d6c6c4692e948657bfd5c7c07f6b7fbadd7cb2dca87242784531f0f,CPU/AI（原版一致）,回退 clean 2003 原文件,PASS,用户全量二进制比较确认：该旧汉化 loose 文件与干净原版同路径文件逐字节完全相同。
Dat/Cpu/zako_w05.cpu,1154,188d89959931b4dba3b25f8b3a4cd5c4cf019e60f1b91eeeb7f8f457510dcd0d,CPU/AI（原版一致）,回退 clean 2003 原文件,PASS,用户全量二进制比较确认：该旧汉化 loose 文件与干净原版同路径文件逐字节完全相同。
Dat/Cpu/zako_w06.cpu,410,4a720ce18b623d1d4352c7669c3be025bc158611283ed00e3cc3d71b0b9e9eeb,CPU/AI（原版一致）,回退 clean 2003 原文件,PASS,用户全量二进制比较确认：该旧汉化 loose 文件与干净原版同路径文件逐字节完全相同。
Dat/Cpu/zako_w29.cpu,734,0415e6e074e08c0f158df32ffa9ebd5686ad8b61fe4d5c98749aadebb5643cf5,CPU/AI（原版一致）,回退 clean 2003 原文件,PASS,用户全量二进制比较确认：该旧汉化 loose 文件与干净原版同路径文件逐字节完全相同。
Dat/Cpu/zako_w31.cpu,560,be7634965f6601abd6a192734742bac5c819ed4b0a69e45edb8ef74359d974ff,CPU/AI（原版一致）,回退 clean 2003 原文件,PASS,用户全量二进制比较确认：该旧汉化 loose 文件与干净原版同路径文件逐字节完全相同。
Dat/Cpu/zako_w32.cpu,722,12fa6f0782691a340d6e9a8c6cccb64101c3fc8488676be341f183154b13687c,CPU/AI（原版一致）,回退 clean 2003 原文件,PASS,用户全量二进制比较确认：该旧汉化 loose 文件与干净原版同路径文件逐字节完全相同。
Dat/Cpu/zako_w33.cpu,734,163f7345ec6bfa3fcd40bd18abaeb23d8ded4a64df041792b3fc2aa000688430,CPU/AI（原版一致）,回退 clean 2003 原文件,PASS,用户全量二进制比较确认：该旧汉化 loose 文件与干净原版同路径文件逐字节完全相同。
Dat/Cpu/zako_w37.cpu,602,2b22aebf6b11b750592ecf0589bf04ef7a1811570857ced83980b6e4b160bc3e,CPU/AI（原版一致）,回退 clean 2003 原文件,PASS,用户全量二进制比较确认：该旧汉化 loose 文件与干净原版同路径文件逐字节完全相同。
Dat/Cpu/zako_w38.cpu,698,b06173710a29439f5455f4793d937099f5f41716f7efd9ae299794465ef18ecd,CPU/AI（原版一致）,回退 clean 2003 原文件,PASS,用户全量二进制比较确认：该旧汉化 loose 文件与干净原版同路径文件逐字节完全相同。
Dat/Cpu/zako_w39.cpu,560,897fe8020465b8eec3fc0a78ddf542be5af524e78bfc54fa876ab5843b7bfb7a,CPU/AI（原版一致）,回退 clean 2003 原文件,PASS,用户全量二进制比较确认：该旧汉化 loose 文件与干净原版同路径文件逐字节完全相同。
Dat/Cpu/zako_w40.cpu,680,cd22ec657260e84e3682b722e280155061ddddc847c362ceeb174ffab16c0d50,CPU/AI（原版一致）,回退 clean 2003 原文件,PASS,用户全量二进制比较确认：该旧汉化 loose 文件与干净原版同路径文件逐字节完全相同。
Dat/Cpu/zako_w41.cpu,506,a0f84d7ed44eb39bd0fc2cd4f6fe6eb1288cd3baa272aa1ef077a1fbf507a422,CPU/AI（原版一致）,回退 clean 2003 原文件,PASS,用户全量二进制比较确认：该旧汉化 loose 文件与干净原版同路径文件逐字节完全相同。
Dat/Cpu/zako_w42.cpu,560,73d43f169b467051fcd3d93e3cb9c1db17fe8cfaedceed4715a00ba5f25071e5,CPU/AI（原版一致）,回退 clean 2003 原文件,PASS,用户全量二进制比较确认：该旧汉化 loose 文件与干净原版同路径文件逐字节完全相同。
Dat/Cpu/zako_w43.cpu,818,1118e82e57606fe36d29f83e3e9156be2be4a76674951da1fdbd9b20494d8c42,CPU/AI（原版一致）,回退 clean 2003 原文件,PASS,用户全量二进制比较确认：该旧汉化 loose 文件与干净原版同路径文件逐字节完全相同。
Dat/Cpu/zako_w44.cpu,602,f60e0514670f13004b3ee21c43ad105b5a821b488c3031e23f4df6e57fbc9c28,CPU/AI（原版一致）,回退 clean 2003 原文件,PASS,用户全量二进制比较确认：该旧汉化 loose 文件与干净原版同路径文件逐字节完全相同。
Dat/Cpu/zako_w45.cpu,602,ca420118780b8778340abe8614cf7b59cd240e8d3c319ab6cf938bc64c30bc4f,CPU/AI（原版一致）,回退 clean 2003 原文件,PASS,用户全量二进制比较确认：该旧汉化 loose 文件与干净原版同路径文件逐字节完全相同。
Dat/Cpu/zako_w46.cpu,710,7fa357b483f678d80bc7bf1fb5e0c58566104b08827b0c43fbe0a8ad5f8d0586,CPU/AI（原版一致）,回退 clean 2003 原文件,PASS,用户全量二进制比较确认：该旧汉化 loose 文件与干净原版同路径文件逐字节完全相同。
Dat/Cpu/zako_w47.cpu,602,bfca3fa9fbe811d959c9f3fa18295728af0ba6aebe0b23e35f8d64b38c0e1f34,CPU/AI（原版一致）,回退 clean 2003 原文件,PASS,用户全量二进制比较确认：该旧汉化 loose 文件与干净原版同路径文件逐字节完全相同。
Dat/Cpu/zako_w48.cpu,602,845cd7fa813febcf446882e3da9c11bb1cba7181d0a0322b33c99fc2f182d9a3,CPU/AI（原版一致）,回退 clean 2003 原文件,PASS,用户全量二进制比较确认：该旧汉化 loose 文件与干净原版同路径文件逐字节完全相同。
Dat/Fnt16x16.fnt,169204,70e090bef19246f0c5d3a2a4eb526619ccd2e3dec06b90beecbef36ffe6c660c,字体,回退 clean 2003 原文件,PASS,用户全量二进制比较确认：该旧汉化 loose 文件与干净原版同路径文件逐字节完全相同。
Dat/Waza/AYANE.WAZ,14150,0da11ac00e74ac0c1a2ea4ab514071c671c9bef4b0b3c9ac1b89d3056dcb065f,WAZ（原版一致）,回退 clean 2003 原文件,PASS,用户全量二进制比较确认：该旧汉化 loose 文件与干净原版同路径文件逐字节完全相同。
Dat/Waza/BACHELOR.WAZ,24434,25d65132122ee1e582723207f6ae2561e2499996a0bd049ba9bad72654e60d69,WAZ（原版一致）,回退 clean 2003 原文件,PASS,用户全量二进制比较确认：该旧汉化 loose 文件与干净原版同路径文件逐字节完全相同。
Dat/Waza/GENHA.WAZ,39590,356ec0cb277c5d4f20e24a894fac7e0abba34bc22d7a61f421b58582881f845b,WAZ（原版一致）,回退 clean 2003 原文件,PASS,用户全量二进制比较确认：该旧汉化 loose 文件与干净原版同路径文件逐字节完全相同。
Dat/Waza/KAIRA.WAZ,11174,6b92cb895ef71eed841e67f985865b8e9c93ebb1083a60e8dc75383e8ac3dd12,WAZ（原版一致）,回退 clean 2003 原文件,PASS,用户全量二进制比较确认：该旧汉化 loose 文件与干净原版同路径文件逐字节完全相同。
Dat/Waza/TOORU.WAZ,349982,7f3b5b46284c4727cc49627c43ff9d1fb4b34534f4921106a084122f7916825c,ASI内嵌差异loose资源,编译进 BaldrForceCN.asi，CreateFileA 精确路径桥接,COVERED,用户对 311 个 loose 文件逐项二进制比较，确认该文件与干净原版不同。
Dat/Waza/TUKINA_A.WAZ,21938,798c575eb400fd2f52d3d0db296655b2e87f385ebf2582ed9afebcdd8385ad8b,WAZ（原版一致）,回退 clean 2003 原文件,PASS,用户全量二进制比较确认：该旧汉化 loose 文件与干净原版同路径文件逐字节完全相同。
Dat/Waza/TUKINA_B.WAZ,21938,b5231f44669662d08aed2c2d7e36c56f6944594247037943f73e2173a7c0ae62,WAZ（原版一致）,回退 clean 2003 原文件,PASS,用户全量二进制比较确认：该旧汉化 loose 文件与干净原版同路径文件逐字节完全相同。
Dat/Waza/Tama.dat,490442,587090c714956cb1a17482bf82e97aab2e64f98a434aaf8951d6a9cb5b65fa3e,WAZ（原版一致）,回退 clean 2003 原文件,PASS,用户全量二进制比较确认：该旧汉化 loose 文件与干净原版同路径文件逐字节完全相同。
Dat/Waza/YAGISAWA.WAZ,42194,ce25737bc3469600503ef957140e9020b5747be4b46d17830b19757268d082ca,ASI内嵌差异loose资源,编译进 BaldrForceCN.asi，CreateFileA 精确路径桥接,COVERED,用户对 311 个 loose 文件逐项二进制比较，确认该文件与干净原版不同。
Dat/Waza/YOUSUKE.WAZ,9734,c2dfde794cacf93bc54f28d8871756c870a5dfb48b506fb122aff76fe0866577,WAZ（原版一致）,回退 clean 2003 原文件,PASS,用户全量二进制比较确认：该旧汉化 loose 文件与干净原版同路径文件逐字节完全相同。
Dat/Waza/ZAKO_W02.WAZ,9290,5e73ffff206042d307cc9ddcdc853ac08ab83b75f111a1a7436f435e14392033,WAZ（原版一致）,回退 clean 2003 原文件,PASS,用户全量二进制比较确认：该旧汉化 loose 文件与干净原版同路径文件逐字节完全相同。
Dat/Waza/ZAKO_W03.WAZ,5270,c45bdfec0d8ff6b3f9be3a14a0c7802362d31d026eabdd7525e9cfa4567c9fc1,WAZ（原版一致）,回退 clean 2003 原文件,PASS,用户全量二进制比较确认：该旧汉化 loose 文件与干净原版同路径文件逐字节完全相同。
Dat/Waza/ZAKO_W04.WAZ,5762,44c822d985890af9acf2e6f2d813ca8cea8c84004dec423717b81f3d59e3327d,WAZ（原版一致）,回退 clean 2003 原文件,PASS,用户全量二进制比较确认：该旧汉化 loose 文件与干净原版同路径文件逐字节完全相同。
Dat/Waza/ZAKO_W05.WAZ,8642,35d601fab471299ed8e0833c8d8dc6159d13ea928eb8d50a24f6f18433545c5e,WAZ（原版一致）,回退 clean 2003 原文件,PASS,用户全量二进制比较确认：该旧汉化 loose 文件与干净原版同路径文件逐字节完全相同。
Dat/Waza/akira.waz,14066,a25db03850f7076de12e664f20999df85fbfae632709e64758a244f609093edc,WAZ（原版一致）,回退 clean 2003 原文件,PASS,用户全量二进制比较确认：该旧汉化 loose 文件与干净原版同路径文件逐字节完全相同。
Dat/Waza/ayane_boss.waz,17870,907ffb6b85e4835a1ecca4520c4da178f2e666dd90e462432af82969e3f338da,WAZ（原版一致）,回退 clean 2003 原文件,PASS,用户全量二进制比较确认：该旧汉化 loose 文件与干净原版同路径文件逐字节完全相同。
Dat/Waza/bachelor_boss.waz,37094,5a7db98e6cb99aee7215e32ae18631ea513969aad7c4e9776e0283d7d45d7530,WAZ（原版一致）,回退 clean 2003 原文件,PASS,用户全量二进制比较确认：该旧汉化 loose 文件与干净原版同路径文件逐字节完全相同。
Dat/Waza/leviathan.waz,21470,3ded8ea8db13b2b414ca5698544819d0e49d6fb99324a0321e7a4a37465c51ee,WAZ（原版一致）,回退 clean 2003 原文件,PASS,用户全量二进制比较确认：该旧汉化 loose 文件与干净原版同路径文件逐字节完全相同。
Dat/Waza/leviathan2.waz,25430,0c4901b17d169e51ae9cc41901240415c232191827aa3a0ea458cbbca3edb22b,WAZ（原版一致）,回退 clean 2003 原文件,PASS,用户全量二进制比较确认：该旧汉化 loose 文件与干净原版同路径文件逐字节完全相同。
Dat/Waza/neko01.waz,20594,11df36561a9c3e62c023ef898d43b095e512e6a9d8a13c319c1f6fedc58df8b2,WAZ（原版一致）,回退 clean 2003 原文件,PASS,用户全量二进制比较确认：该旧汉化 loose 文件与干净原版同路径文件逐字节完全相同。
Dat/Waza/neko02.waz,15542,1ef21a7d7a2ca5f00dd46bac7178b952f61a3ca00c831d45ed92af7578f6e7e2,WAZ（原版一致）,回退 clean 2003 原文件,PASS,用户全量二进制比较确认：该旧汉化 loose 文件与干净原版同路径文件逐字节完全相同。
Dat/Waza/neko03.waz,13298,dcb08ab57f89ba949f026a13c288e073b68294d3590eb9b581da3e5c4a4e0db7,WAZ（原版一致）,回退 clean 2003 原文件,PASS,用户全量二进制比较确认：该旧汉化 loose 文件与干净原版同路径文件逐字节完全相同。
Dat/Waza/neko04.waz,8882,b821d65475725549b582bf4cdfa954673d3f911573645c3beddb0c0a30667989,WAZ（原版一致）,回退 clean 2003 原文件,PASS,用户全量二进制比较确认：该旧汉化 loose 文件与干净原版同路径文件逐字节完全相同。
Dat/Waza/neko05.waz,32534,5b44d6725fe6c8d73e6a05c23a1e2da64a6e5bce340bbe0c29ef29853d5a5256,ASI内嵌差异loose资源,编译进 BaldrForceCN.asi，CreateFileA 精确路径桥接,COVERED,用户对 311 个 loose 文件逐项二进制比较，确认该文件与干净原版不同。
Dat/Waza/quwon.waz,22034,dcc9e5f0c1ce7ba2c06b20183ea8ca4b3b863118b2c05f351b29544540f40776,WAZ（原版一致）,回退 clean 2003 原文件,PASS,用户全量二进制比较确认：该旧汉化 loose 文件与干净原版同路径文件逐字节完全相同。
Dat/Waza/tukina.waz,17210,578d078c29ba938c529872c02a2fbfc8436110ef323369013fcc6581480f5803,WAZ（原版一致）,回退 clean 2003 原文件,PASS,用户全量二进制比较确认：该旧汉化 loose 文件与干净原版同路径文件逐字节完全相同。
Dat/Waza/tukina_boss.waz,26246,a76730bb624b70810d9646bd8675b83e7a09c5dda17f5f985d0e51bc88307284,WAZ（原版一致）,回退 clean 2003 原文件,PASS,用户全量二进制比较确认：该旧汉化 loose 文件与干净原版同路径文件逐字节完全相同。
Dat/Waza/yagisawa_mogi.waz,16538,4d55b0679534bd1dc6535ebc434ed2611aca1c27a11804710c6a3c5c3206e9a6,WAZ（原版一致）,回退 clean 2003 原文件,PASS,用户全量二进制比较确认：该旧汉化 loose 文件与干净原版同路径文件逐字节完全相同。
Dat/Waza/yuuya.waz,8510,1122123da1424f9720b9176af808bbf1e9dccc949122f1c467fc7ec9bb5ec283,WAZ（原版一致）,回退 clean 2003 原文件,PASS,用户全量二进制比较确认：该旧汉化 loose 文件与干净原版同路径文件逐字节完全相同。
Dat/Waza/zako_s_a01.waz,6410,847f97cf3866d095c2958b6b4be7949b56ff2118ac06f064d72fbe670bd7e86a,WAZ（原版一致）,回退 clean 2003 原文件,PASS,用户全量二进制比较确认：该旧汉化 loose 文件与干净原版同路径文件逐字节完全相同。
Dat/Waza/zako_s_a02.waz,6410,4f2fb2364a723ae7bc7bbf5a5ba7337aba7b6f8e2fa84c809522470e7b568740,WAZ（原版一致）,回退 clean 2003 原文件,PASS,用户全量二进制比较确认：该旧汉化 loose 文件与干净原版同路径文件逐字节完全相同。
Dat/Waza/zako_s_t01.waz,6458,5d086a33a2cf231ca9faa05e6f473da4cc28b97a9cbaddc6ac99268d0a177fa3,WAZ（原版一致）,回退 clean 2003 原文件,PASS,用户全量二进制比较确认：该旧汉化 loose 文件与干净原版同路径文件逐字节完全相同。
Dat/Waza/zako_s_t06.waz,10130,5a4090767ed2c8c013fd649810e2595ae76c7f43d09223cbd06da794fc001f95,WAZ（原版一致）,回退 clean 2003 原文件,PASS,用户全量二进制比较确认：该旧汉化 loose 文件与干净原版同路径文件逐字节完全相同。
Dat/Waza/zako_s_t07.waz,14954,cf24880d094021264a4f80185046b374ef45ecc97f84aaee1ac9224a6a5a315f,WAZ（原版一致）,回退 clean 2003 原文件,PASS,用户全量二进制比较确认：该旧汉化 loose 文件与干净原版同路径文件逐字节完全相同。
Dat/Waza/zako_s_t08.waz,8102,fed29d2022ab3ab92bce524f6300bcc9f0643ea4b2d9008655b17bbad4563f33,WAZ（原版一致）,回退 clean 2003 原文件,PASS,用户全量二进制比较确认：该旧汉化 loose 文件与干净原版同路径文件逐字节完全相同。
Dat/Waza/zako_s_t09.waz,8498,c2d344ddf76bff6f00949225be609d24fa2740ed622ba99087ff56ef6387f5a6,WAZ（原版一致）,回退 clean 2003 原文件,PASS,用户全量二进制比较确认：该旧汉化 loose 文件与干净原版同路径文件逐字节完全相同。
Dat/Waza/zako_s_t10.waz,7202,834591066b91ba39073cdd5bc9d33540276717e4e40ee85f5c4a0ea78458c781,WAZ（原版一致）,回退 clean 2003 原文件,PASS,用户全量二进制比较确认：该旧汉化 loose 文件与干净原版同路径文件逐字节完全相同。
Dat/Waza/zako_s_t11.waz,6950,0b6aab2ae252eb493618ee35580cf73d6829d721db6a1338878486c025790882,WAZ（原版一致）,回退 clean 2003 原文件,PASS,用户全量二进制比较确认：该旧汉化 loose 文件与干净原版同路径文件逐字节完全相同。
Dat/Waza/zako_s_t12.waz,9590,22175faa07d05d06fc9172a4410eeb95dd9da8cf16478c3887570144d485e5a1,WAZ（原版一致）,回退 clean 2003 原文件,PASS,用户全量二进制比较确认：该旧汉化 loose 文件与干净原版同路径文件逐字节完全相同。
Dat/Waza/zako_s_t13.waz,11618,829f076ccc5c8b4f3c7ff2591073e387e5ec092ef7a02ca3e10e3af9385d25e3,WAZ（原版一致）,回退 clean 2003 原文件,PASS,用户全量二进制比较确认：该旧汉化 loose 文件与干净原版同路径文件逐字节完全相同。
Dat/Waza/zako_s_t14.waz,15770,28f59c6d7c530a5635ee84c4962e3e6607c9802629c577c76b97e01856830c08,WAZ（原版一致）,回退 clean 2003 原文件,PASS,用户全量二进制比较确认：该旧汉化 loose 文件与干净原版同路径文件逐字节完全相同。
Dat/Waza/zako_s_t15.waz,11522,80a6bbb8281a4ebc63f493bfec7271695bfeae71aadf390f7d47805affbb8be0,WAZ（原版一致）,回退 clean 2003 原文件,PASS,用户全量二进制比较确认：该旧汉化 loose 文件与干净原版同路径文件逐字节完全相同。
Dat/Waza/zako_s_t16.waz,7850,becadd43670d2d5426bfc06c0860091890484b453721b45367c9eb42960d251b,WAZ（原版一致）,回退 clean 2003 原文件,PASS,用户全量二进制比较确认：该旧汉化 loose 文件与干净原版同路径文件逐字节完全相同。
Dat/Waza/zako_s_t17.waz,10778,cf432a653948729990cbec2e683cb8ef0813adb6b53625bf8f31b96292fad03f,WAZ（原版一致）,回退 clean 2003 原文件,PASS,用户全量二进制比较确认：该旧汉化 loose 文件与干净原版同路径文件逐字节完全相同。
Dat/Waza/zako_s_t18.waz,5762,ea53751271d5fd5fcdc03b8d956d7c34e21a492c7533955de2575f68f01f63d3,WAZ（原版一致）,回退 clean 2003 原文件,PASS,用户全量二进制比较确认：该旧汉化 loose 文件与干净原版同路径文件逐字节完全相同。
Dat/Waza/zako_s_t19.waz,11378,5c7a71f012a74622a8a1c0d0d1ff86eee8e21fe0e41b452f354d1657b9888165,WAZ（原版一致）,回退 clean 2003 原文件,PASS,用户全量二进制比较确认：该旧汉化 loose 文件与干净原版同路径文件逐字节完全相同。
Dat/Waza/zako_s_t20.waz,13670,471a90e88031baca4fdc6fd5e49d6c81114f03000a1fc99d18b89db8a0098cb0,WAZ（原版一致）,回退 clean 2003 原文件,PASS,用户全量二进制比较确认：该旧汉化 loose 文件与干净原版同路径文件逐字节完全相同。
Dat/Waza/zako_s_t21.waz,8546,18b90365e596f740fba8ac3e6300b301c4f212473158aa66234efbf4f091e602,WAZ（原版一致）,回退 clean 2003 原文件,PASS,用户全量二进制比较确认：该旧汉化 loose 文件与干净原版同路径文件逐字节完全相同。
Dat/Waza/zako_s_t22.waz,6914,ffa846e65b0d6d63337dc829dc71206d4e60bd28f422a63253ade0dfaea8157d,WAZ（原版一致）,回退 clean 2003 原文件,PASS,用户全量二进制比较确认：该旧汉化 loose 文件与干净原版同路径文件逐字节完全相同。
Dat/Waza/zako_s_t23.waz,12662,55e4a9d689bc6d39da26a5a499da7aad7024d02c257c13f91d8386f272f705c4,WAZ（原版一致）,回退 clean 2003 原文件,PASS,用户全量二进制比较确认：该旧汉化 loose 文件与干净原版同路径文件逐字节完全相同。
Dat/Waza/zako_s_t24.waz,8150,07344bf0861d0ed3a9188fe5cfc59b11603f2b94d7d23d7ffdadb0335a9f640b,WAZ（原版一致）,回退 clean 2003 原文件,PASS,用户全量二进制比较确认：该旧汉化 loose 文件与干净原版同路径文件逐字节完全相同。
Dat/Waza/zako_s_t25.waz,15086,5105f438f06ec263f9a322303e8cabc1df8e7ac3b46c20bd9ff83d1835f1e95b,WAZ（原版一致）,回退 clean 2003 原文件,PASS,用户全量二进制比较确认：该旧汉化 loose 文件与干净原版同路径文件逐字节完全相同。
Dat/Waza/zako_s_t26.waz,13742,fbf12ef8d0d9c767b8d46b37bf035bcc6517223c26bf0bc2c2988395bc6d8853,WAZ（原版一致）,回退 clean 2003 原文件,PASS,用户全量二进制比较确认：该旧汉化 loose 文件与干净原版同路径文件逐字节完全相同。
Dat/Waza/zako_s_t27.waz,9866,5e4d396285b92d39c3020553423ac2521cdfd16276c12c862102caba3669f187,WAZ（原版一致）,回退 clean 2003 原文件,PASS,用户全量二进制比较确认：该旧汉化 loose 文件与干净原版同路径文件逐字节完全相同。
Dat/Waza/zako_s_t28.waz,17606,7223e3e547d5a223ed93e8bce9746942fb7a677ee23dd1654bb32f404f70d05c,WAZ（原版一致）,回退 clean 2003 原文件,PASS,用户全量二进制比较确认：该旧汉化 loose 文件与干净原版同路径文件逐字节完全相同。
Dat/Waza/zako_s_t30.waz,16394,4685b75d9c140c0f5e989ce5bfc22a55411900e79a0e46ba9ca598ce9d0ebef4,WAZ（原版一致）,回退 clean 2003 原文件,PASS,用户全量二进制比较确认：该旧汉化 loose 文件与干净原版同路径文件逐字节完全相同。
Dat/Waza/zako_s_t34.waz,15878,dc7d60ac78a1d1e9ff36ef7c707a09930fc64c8aee7eac76f0819e634116a561,WAZ（原版一致）,回退 clean 2003 原文件,PASS,用户全量二进制比较确认：该旧汉化 loose 文件与干净原版同路径文件逐字节完全相同。
Dat/Waza/zako_s_v01.waz,13442,b9de720a7e8d5c348d50517d106345fd972b73b958f5d7a92482ca200f8cbd3e,WAZ（原版一致）,回退 clean 2003 原文件,PASS,用户全量二进制比较确认：该旧汉化 loose 文件与干净原版同路径文件逐字节完全相同。
Dat/Waza/zako_s_v02.waz,13046,2818fb09564f879054c15ec6d1ea515697de416204a9a018aa28897d28d419f4,WAZ（原版一致）,回退 clean 2003 原文件,PASS,用户全量二进制比较确认：该旧汉化 loose 文件与干净原版同路径文件逐字节完全相同。
Dat/Waza/zako_s_v03.waz,11774,d0c0a0373e8ac9ebeda0cc3a469c644785021122bd2f21e788e72ea72b5ce6f0,WAZ（原版一致）,回退 clean 2003 原文件,PASS,用户全量二进制比较确认：该旧汉化 loose 文件与干净原版同路径文件逐字节完全相同。
Dat/Waza/zako_s_v04.waz,4766,9399af7df689cf19de5b32c775bffb373704c41bea1704f01eda70427a569c82,WAZ（原版一致）,回退 clean 2003 原文件,PASS,用户全量二进制比较确认：该旧汉化 loose 文件与干净原版同路径文件逐字节完全相同。
Dat/Waza/zako_s_v05.waz,14882,7bfa2ac8f12bec41167fc6e48ac3c713b633b372a41e77bb339207fd5f3e2d7e,WAZ（原版一致）,回退 clean 2003 原文件,PASS,用户全量二进制比较确认：该旧汉化 loose 文件与干净原版同路径文件逐字节完全相同。
Dat/Waza/zako_s_v06.waz,14534,0b700dc81771b91bc7deff4cfcf1b0eb78ad25779ea79f6d4fea0ec1dadd57b1,WAZ（原版一致）,回退 clean 2003 原文件,PASS,用户全量二进制比较确认：该旧汉化 loose 文件与干净原版同路径文件逐字节完全相同。
Dat/Waza/zako_s_v07.waz,13862,e88791c28c2799af4e12d6d106746f224a9e1f754231fd204abb1ddf7936cf02,WAZ（原版一致）,回退 clean 2003 原文件,PASS,用户全量二进制比较确认：该旧汉化 loose 文件与干净原版同路径文件逐字节完全相同。
Dat/Waza/zako_s_v08.waz,6206,372eafc23c773531de64267152c81c28848d6c9cf044f2ce45ab707fd3fdcee8,WAZ（原版一致）,回退 clean 2003 原文件,PASS,用户全量二进制比较确认：该旧汉化 loose 文件与干净原版同路径文件逐字节完全相同。
Dat/Waza/zako_w06.waz,2,96a296d224f285c67bee93c30f8a309157f0daa35dc5b87e410b78630a09cfc7,WAZ（原版一致）,回退 clean 2003 原文件,PASS,用户全量二进制比较确认：该旧汉化 loose 文件与干净原版同路径文件逐字节完全相同。
Dat/Waza/zako_w29.waz,8234,ffbac8d57ed4554de0b2767b7007965c91b8743e324c1c97f75ee9c8b0d2dcb2,WAZ（原版一致）,回退 clean 2003 原文件,PASS,用户全量二进制比较确认：该旧汉化 loose 文件与干净原版同路径文件逐字节完全相同。
Dat/Waza/zako_w31.waz,5762,93446e24f65f0df8e1eb837baa602f261302cefb57c08865e396e333ea1c43e7,WAZ（原版一致）,回退 clean 2003 原文件,PASS,用户全量二进制比较确认：该旧汉化 loose 文件与干净原版同路径文件逐字节完全相同。
Dat/Waza/zako_w32.waz,8642,2fdfe2a48e5b7aafce211c4bd09478fa9441017d2ded463bf9028d00bfa51922,WAZ（原版一致）,回退 clean 2003 原文件,PASS,用户全量二进制比较确认：该旧汉化 loose 文件与干净原版同路径文件逐字节完全相同。
Dat/Waza/zako_w33.waz,8234,03782e0747aa465b5b568b7300e543e4b06c3dd655126ef5375ae249011c783b,WAZ（原版一致）,回退 clean 2003 原文件,PASS,用户全量二进制比较确认：该旧汉化 loose 文件与干净原版同路径文件逐字节完全相同。
Dat/Waza/zako_w37.waz,4322,14aeecf4f2dd0c18d7bdbd39c26daffbd206ca3a1b4091f01d7b92e3f25d2ace,WAZ（原版一致）,回退 clean 2003 原文件,PASS,用户全量二进制比较确认：该旧汉化 loose 文件与干净原版同路径文件逐字节完全相同。
Dat/Waza/zako_w38.waz,4322,5fd7897e69d8df07e8feff89ad3ddc8965f90aef796599c7c0c42455677f7f0d,WAZ（原版一致）,回退 clean 2003 原文件,PASS,用户全量二进制比较确认：该旧汉化 loose 文件与干净原版同路径文件逐字节完全相同。
Dat/Waza/zako_w39.waz,3386,b8a9b54d9d3d2535d018ad191bd8dcdd417fd5af84ceff7be84bef9a31a029c0,WAZ（原版一致）,回退 clean 2003 原文件,PASS,用户全量二进制比较确认：该旧汉化 loose 文件与干净原版同路径文件逐字节完全相同。
Dat/Waza/zako_w40.waz,6506,bdfd4fd78079907af0d6e31ff81c0c07066f8ac51c13ffae31ccbab67557764d,WAZ（原版一致）,回退 clean 2003 原文件,PASS,用户全量二进制比较确认：该旧汉化 loose 文件与干净原版同路径文件逐字节完全相同。
Dat/Waza/zako_w41.waz,4322,a2a16a0355265f43a48d3684e882e37e91cad4e0fe7775738c2a0a9b807d2591,WAZ（原版一致）,回退 clean 2003 原文件,PASS,用户全量二进制比较确认：该旧汉化 loose 文件与干净原版同路径文件逐字节完全相同。
Dat/Waza/zako_w42.waz,5762,9a6fa19be80bfd4b2139cb8aa6e8c06d7a2125ea71d2d1a55ecb75d95aea8eb6,WAZ（原版一致）,回退 clean 2003 原文件,PASS,用户全量二进制比较确认：该旧汉化 loose 文件与干净原版同路径文件逐字节完全相同。
Dat/Waza/zako_w43.waz,8738,3c372def588e441136429d3daec7138f5d841eb7c3bea5c60fdc677fc6eaefe8,WAZ（原版一致）,回退 clean 2003 原文件,PASS,用户全量二进制比较确认：该旧汉化 loose 文件与干净原版同路径文件逐字节完全相同。
Dat/Waza/zako_w44.waz,1946,e57d932a5c11a36bd115c18b30c4f0ef0a7857ed0a2d4f5deeba4dcded070acf,WAZ（原版一致）,回退 clean 2003 原文件,PASS,用户全量二进制比较确认：该旧汉化 loose 文件与干净原版同路径文件逐字节完全相同。
Dat/Waza/zako_w45.waz,3074,9a4da0dc1cf73aa437a4008ddc4ae746af52494301116e81291810226e8c4613,WAZ（原版一致）,回退 clean 2003 原文件,PASS,用户全量二进制比较确认：该旧汉化 loose 文件与干净原版同路径文件逐字节完全相同。
Dat/Waza/zako_w46.waz,7202,6f9549fbc460efa82666cdb3247c11a1a093f5a577fbe33b1558f5d2fe4646e9,WAZ（原版一致）,回退 clean 2003 原文件,PASS,用户全量二进制比较确认：该旧汉化 loose 文件与干净原版同路径文件逐字节完全相同。
Dat/Waza/zako_w47.waz,4322,080cbf89b18e8e3c355c554fb57933aa3da696ba84193a007bd14ac83943bfc0,WAZ（原版一致）,回退 clean 2003 原文件,PASS,用户全量二进制比较确认：该旧汉化 loose 文件与干净原版同路径文件逐字节完全相同。
Dat/Waza/zako_w48.waz,4322,b862ed5dfdbbe7d5c6a4ede73668b8f993a5d73e3b1b5a3f5bc4f9ec3e154f80,WAZ（原版一致）,回退 clean 2003 原文件,PASS,用户全量二进制比较确认：该旧汉化 loose 文件与干净原版同路径文件逐字节完全相同。
Se/Voice/Hiyori0101.wav,7548,e29c29906016c32d16f67dffe76c7991a0015096b8e0e237a21ed1a5c4cd900b,语音WAV,回退 clean 2003 原文件,PASS,用户全量二进制比较确认：该旧汉化 loose 文件与干净原版同路径文件逐字节完全相同。
Se/Voice/Hiyori0102.wav,31008,48d59165da5d53288f23d97dff8012bd1ad122d2f8599e85f63e138113c71163,语音WAV,回退 clean 2003 原文件,PASS,用户全量二进制比较确认：该旧汉化 loose 文件与干净原版同路径文件逐字节完全相同。
Se/Voice/Hiyori0103.wav,25162,8d20f188cfb22269e8e23f89c961d87c137cf33f9bf99641b1616fcc76fe67dd,语音WAV,回退 clean 2003 原文件,PASS,用户全量二进制比较确认：该旧汉化 loose 文件与干净原版同路径文件逐字节完全相同。
Se/Voice/Hiyori0104.wav,16096,cf2c468e56ea75dcacdd6890cbde53322c91a458477b7b42d9e78e1176825483,语音WAV,回退 clean 2003 原文件,PASS,用户全量二进制比较确认：该旧汉化 loose 文件与干净原版同路径文件逐字节完全相同。
Se/Voice/Hiyori0401.wav,41736,badf8dce156567d07b2a18e74023915321a5b9d2d261c0273e4511c0a9b31ba1,语音WAV,回退 clean 2003 原文件,PASS,用户全量二进制比较确认：该旧汉化 loose 文件与干净原版同路径文件逐字节完全相同。
Se/Voice/Hiyori0402.wav,43274,c211e2fcfc2184b388c23b24bb87bb1da339fb60156550277ae1d1af0f3f7cc6,语音WAV,回退 clean 2003 原文件,PASS,用户全量二进制比较确认：该旧汉化 loose 文件与干净原版同路径文件逐字节完全相同。
Se/Voice/Hiyori0403.wav,39426,cb3b8db7d671b5067f6cf9a33cb284759087e9c4cee016cbb674ff35cc4bd87c,语音WAV,回退 clean 2003 原文件,PASS,用户全量二进制比较确认：该旧汉化 loose 文件与干净原版同路径文件逐字节完全相同。
Se/Voice/Hiyori0501.wav,6630,0ce45055bb7f6e4cca157ffceeb575b04ffb25a31dbc596cac3ee4d502a82ecf,语音WAV,回退 clean 2003 原文件,PASS,用户全量二进制比较确认：该旧汉化 loose 文件与干净原版同路径文件逐字节完全相同。
Se/Voice/Hiyori0601.wav,32576,ed43aa1135060890718a70c6f2cc830ac4e537a4e0c56e384cf8e07fa7f83ea9,语音WAV,回退 clean 2003 原文件,PASS,用户全量二进制比较确认：该旧汉化 loose 文件与干净原版同路径文件逐字节完全相同。
Se/Voice/Hiyori0701.wav,13108,d0d077ab70d94ba436341a176d92c3f2e7dbc38201ca83adcbca3cedcf339f6f,语音WAV,回退 clean 2003 原文件,PASS,用户全量二进制比较确认：该旧汉化 loose 文件与干净原版同路径文件逐字节完全相同。
Se/Voice/Hiyori0702.wav,51644,c7471ed1ffe7c61298c80dbefe3b12826aa50a5d3c22cd3243d31cb4bb033b46,语音WAV,回退 clean 2003 原文件,PASS,用户全量二进制比较确认：该旧汉化 loose 文件与干净原版同路径文件逐字节完全相同。
Se/Voice/Hiyori0801.wav,57610,5c11743b1762558424cae6778a36e9d2f6ffd6daa73a90a9b8ff81a9a76c9e29,语音WAV,回退 clean 2003 原文件,PASS,用户全量二进制比较确认：该旧汉化 loose 文件与干净原版同路径文件逐字节完全相同。
Se/Voice/Hiyori0802.wav,41164,74c270450e900df1e96b618e0bd3a2dbdb2b65dc0ad38dce0ef3022cc20dfc31,语音WAV,回退 clean 2003 原文件,PASS,用户全量二进制比较确认：该旧汉化 loose 文件与干净原版同路径文件逐字节完全相同。
Se/Voice/Hiyori0901.wav,39554,3b827af3750dc1e5056be7f2846dfc08149f6c9d5bb59f6aee6924da0669854c,语音WAV,回退 clean 2003 原文件,PASS,用户全量二进制比较确认：该旧汉化 loose 文件与干净原版同路径文件逐字节完全相同。
Se/Voice/Hiyori0902.wav,39238,ff6cbfb3327870c08122dc0a413db49ec0642f9344d7f5375995fc11ed15f891,语音WAV,回退 clean 2003 原文件,PASS,用户全量二进制比较确认：该旧汉化 loose 文件与干净原版同路径文件逐字节完全相同。
Se/Voice/Hiyori1001.wav,48972,912dc646006fb8e66d65493d6f270541616371e091eae66af4c84dd0f5d4c053,语音WAV,回退 clean 2003 原文件,PASS,用户全量二进制比较确认：该旧汉化 loose 文件与干净原版同路径文件逐字节完全相同。
Se/Voice/Hiyori1002.wav,19194,a3314cc5f8094e542b8cb75b4f5de75ee7f8977f400efb667d93591789501001,语音WAV,回退 clean 2003 原文件,PASS,用户全量二进制比较确认：该旧汉化 loose 文件与干净原版同路径文件逐字节完全相同。
Se/Voice/Hiyori1003.wav,22770,4ae6f966cfc837edc426aa7dfa72e623e66c88489ccdce98027d5a44719fd24b,语音WAV,回退 clean 2003 原文件,PASS,用户全量二进制比较确认：该旧汉化 loose 文件与干净原版同路径文件逐字节完全相同。
Se/Voice/Hiyori_ex01.wav,35504,1af3270429b2c552a81ccc3a6c6452897a9632e16bf0a3c5957a9b51b2ec3902,语音WAV,回退 clean 2003 原文件,PASS,用户全量二进制比较确认：该旧汉化 loose 文件与干净原版同路径文件逐字节完全相同。
Se/Voice/Hiyori_ex02.wav,32508,4848138c472f173a6dad2628291bbb91fd40cd7188533b367fec62752669f202,语音WAV,回退 clean 2003 原文件,PASS,用户全量二进制比较确认：该旧汉化 loose 文件与干净原版同路径文件逐字节完全相同。
Se/Voice/Hiyori_ex03.wav,30398,120966b4c609a97035121f6b5ac68b00f223ecac023dc65d80d94c6404212e18,语音WAV,回退 clean 2003 原文件,PASS,用户全量二进制比较确认：该旧汉化 loose 文件与干净原版同路径文件逐字节完全相同。
Se/Voice/Hiyori_ex04.wav,26484,f0b227fc27276569a5981f562d43accbac3bed437160f4aa3be7882855cfd39c,语音WAV,回退 clean 2003 原文件,PASS,用户全量二进制比较确认：该旧汉化 loose 文件与干净原版同路径文件逐字节完全相同。
Se/Voice/Yuki0101.wav,12648,a1e400986c70e559df9ecd77e348df832febcd74a530b2c53fdc6aea4e1d7cdc,语音WAV,回退 clean 2003 原文件,PASS,用户全量二进制比较确认：该旧汉化 loose 文件与干净原版同路径文件逐字节完全相同。
Se/Voice/Yuki0102.wav,3436,66bd544b4ce9aa380d0511641f514c062ee238bdbdb774e99b028f1bcc19a93c,语音WAV,回退 clean 2003 原文件,PASS,用户全量二进制比较确认：该旧汉化 loose 文件与干净原版同路径文件逐字节完全相同。
Se/Voice/Yuki0103.wav,5702,59979d52973fdf42c047cf628fe9e8a32494551788f57cd22529d1d1a6b7c79e,语音WAV,回退 clean 2003 原文件,PASS,用户全量二进制比较确认：该旧汉化 loose 文件与干净原版同路径文件逐字节完全相同。
Se/Voice/Yuki0301.wav,22464,d9a2f2ced62d2535d19e9fabdcc717cd3794373fbdddd8cda759703b60699b25,语音WAV,回退 clean 2003 原文件,PASS,用户全量二进制比较确认：该旧汉化 loose 文件与干净原版同路径文件逐字节完全相同。
Se/Voice/Yuki0401.wav,26932,95f9a346244d2b1ea29b14da09ef019eef1de309fa21956b98d455242973a37d,语音WAV,回退 clean 2003 原文件,PASS,用户全量二进制比较确认：该旧汉化 loose 文件与干净原版同路径文件逐字节完全相同。
Se/Voice/Yuki0501.wav,5544,d884487d45dfc0b6496f1b173af1dc456674107a6ac4ef48d8d8e49516319e68,语音WAV,回退 clean 2003 原文件,PASS,用户全量二进制比较确认：该旧汉化 loose 文件与干净原版同路径文件逐字节完全相同。
Se/Voice/Yuki0601.wav,11860,3178351b34db8bce851da7872e8ac222de12e1f122a726f64e1248afcfe4a284,语音WAV,回退 clean 2003 原文件,PASS,用户全量二进制比较确认：该旧汉化 loose 文件与干净原版同路径文件逐字节完全相同。
Se/Voice/Yuki0701.wav,29596,be070988dcfc2f4b5519885dbb55f44557c9d4f0eff6482c460e7a44fe04c8d7,语音WAV,回退 clean 2003 原文件,PASS,用户全量二进制比较确认：该旧汉化 loose 文件与干净原版同路径文件逐字节完全相同。
Se/Voice/Yuki0801.wav,20248,a735697ec2ec45416d94bfd5e500ac5ad4abaa274a46ef60fa3770f95ff5513c,语音WAV,回退 clean 2003 原文件,PASS,用户全量二进制比较确认：该旧汉化 loose 文件与干净原版同路径文件逐字节完全相同。
Se/Voice/Yuki0901.wav,45228,a06a0b432229e04487c6a1820ee7d8a204b3db0dc243268fea0c5bf1cd98929e,语音WAV,回退 clean 2003 原文件,PASS,用户全量二进制比较确认：该旧汉化 loose 文件与干净原版同路径文件逐字节完全相同。
Se/Voice/hiyori1004.wav,9674,29c88d8617f5ffb1141b80b8e2f0e3eee5282f3bd46a35690ca75f1dac76e514,语音WAV,回退 clean 2003 原文件,PASS,用户全量二进制比较确认：该旧汉化 loose 文件与干净原版同路径文件逐字节完全相同。
Se/Voice/kiyoka0101.wav,10574,40744ce3655dc4933bd603a923b2fbc5c82994d502c620abd00b794eeabe0ac0,语音WAV,回退 clean 2003 原文件,PASS,用户全量二进制比较确认：该旧汉化 loose 文件与干净原版同路径文件逐字节完全相同。
Se/Voice/kiyoka0102.wav,9008,a62c82293583e93503807c914d16955ed24a43d7a56c402ed9bec46f66c8319a,语音WAV,回退 clean 2003 原文件,PASS,用户全量二进制比较确认：该旧汉化 loose 文件与干净原版同路径文件逐字节完全相同。
Se/Voice/kiyoka0301.wav,15744,c0540a64dcc0a0de628550e9f16de95915a4a26e2d3fb4ac1c9deef4d42d8fd7,语音WAV,回退 clean 2003 原文件,PASS,用户全量二进制比较确认：该旧汉化 loose 文件与干净原版同路径文件逐字节完全相同。
Se/Voice/kiyoka0401.wav,40132,655e47120e2ad9bda1664a5de0ab3491387d65734a4e95ad7585cd006ff0891c,语音WAV,回退 clean 2003 原文件,PASS,用户全量二进制比较确认：该旧汉化 loose 文件与干净原版同路径文件逐字节完全相同。
Se/Voice/kiyoka0501.wav,5684,ef2db01b94f46234b3f4c2ef0a6156b4b2b19c752ded56cb28aa1e207157aaba,语音WAV,回退 clean 2003 原文件,PASS,用户全量二进制比较确认：该旧汉化 loose 文件与干净原版同路径文件逐字节完全相同。
Se/Voice/kiyoka0601.wav,29568,3fc27c57229c2c4019bc1b5e80e2f387de80bfb02670e00b26b7376a506c73cf,语音WAV,回退 clean 2003 原文件,PASS,用户全量二进制比较确认：该旧汉化 loose 文件与干净原版同路径文件逐字节完全相同。
Se/Voice/kiyoka0701.wav,21112,9a0966e4114ef550e05eae683d72ac188bf08379be84906ed2f9f56cb6084f17,语音WAV,回退 clean 2003 原文件,PASS,用户全量二进制比较确认：该旧汉化 loose 文件与干净原版同路径文件逐字节完全相同。
Se/Voice/kiyoka0702.wav,3960,b43fc1cbc4d916dd3682d694bed6caaa58d47c13ee43cf0fe1b870cfad10215e,语音WAV,回退 clean 2003 原文件,PASS,用户全量二进制比较确认：该旧汉化 loose 文件与干净原版同路径文件逐字节完全相同。
Se/Voice/kiyoka0801.wav,19442,e4a7a57d63c5b6329a48e9852fd05d4aab27db58fd95d64cbacaba95f7f6e8f0,语音WAV,回退 clean 2003 原文件,PASS,用户全量二进制比较确认：该旧汉化 loose 文件与干净原版同路径文件逐字节完全相同。
Se/Voice/kiyoka0901.wav,25496,2dcc516691cdb8574b185227420a1e7080218bedd3ef138676c9288cf9f007fc,语音WAV,回退 clean 2003 原文件,PASS,用户全量二进制比较确认：该旧汉化 loose 文件与干净原版同路径文件逐字节完全相同。
Se/Voice/kiyoka1001.wav,11094,e15c03b230029976df497bbe602d1a822f9f07bc10633184c6eddc69a081fd8d,语音WAV,回退 clean 2003 原文件,PASS,用户全量二进制比较确认：该旧汉化 loose 文件与干净原版同路径文件逐字节完全相同。
Se/Voice/sagiri0101.wav,11366,e78e83b3cdedc9db89edee124857ae11b080a8d1b5df33d4cddca1d8ab170c47,语音WAV,回退 clean 2003 原文件,PASS,用户全量二进制比较确认：该旧汉化 loose 文件与干净原版同路径文件逐字节完全相同。
Se/Voice/sagiri0401.wav,17278,dfdbf3e3eb41f83b168abadbd21dbdefc9fe5a7e8091f3f87d5f1dc717e33892,语音WAV,回退 clean 2003 原文件,PASS,用户全量二进制比较确认：该旧汉化 loose 文件与干净原版同路径文件逐字节完全相同。
Se/Voice/sagiri0501.wav,8900,b74b4851f083145d6af2b2b36cb22fb1bb2954a8cc06b455f19a7ea61ace9a62,语音WAV,回退 clean 2003 原文件,PASS,用户全量二进制比较确认：该旧汉化 loose 文件与干净原版同路径文件逐字节完全相同。
Se/Voice/sagiri0502.wav,9614,48ce071c0304c98abe57fdea5aefd4fe71e851d7b40e6d8d163bc4d5431e2ac0,语音WAV,回退 clean 2003 原文件,PASS,用户全量二进制比较确认：该旧汉化 loose 文件与干净原版同路径文件逐字节完全相同。
Se/Voice/sagiri0503.wav,7096,c402027e1b518dd51855c1f10d26772195e1ece99dc73e6913d538f69f37e7f7,语音WAV,回退 clean 2003 原文件,PASS,用户全量二进制比较确认：该旧汉化 loose 文件与干净原版同路径文件逐字节完全相同。
Se/Voice/sagiri0504.wav,4934,b82db6b7fee67a8369f8a2e10cdef5c4e3b6cd2511fc4551b15355cecadb7cbd,语音WAV,回退 clean 2003 原文件,PASS,用户全量二进制比较确认：该旧汉化 loose 文件与干净原版同路径文件逐字节完全相同。
Se/Voice/sagiri0601.wav,12934,1f808ad241e1709ad11a7be0dff8b254e9263fbef115c73938671920f310351b,语音WAV,回退 clean 2003 原文件,PASS,用户全量二进制比较确认：该旧汉化 loose 文件与干净原版同路径文件逐字节完全相同。
Se/Voice/sagiri0701.wav,11976,c617a173f6e46107922eab70f2008bc19ab14ddec41e0f59ab8241ecf8fc3829,语音WAV,回退 clean 2003 原文件,PASS,用户全量二进制比较确认：该旧汉化 loose 文件与干净原版同路径文件逐字节完全相同。
Se/Voice/sagiri0801.wav,39262,d7582ee9180ca26cf5f5ebfe97499c22ed3c56347febd4a82535da61f3e65ee0,语音WAV,回退 clean 2003 原文件,PASS,用户全量二进制比较确认：该旧汉化 loose 文件与干净原版同路径文件逐字节完全相同。
Se/Voice/sagiri0901.wav,25084,1cefa0a082f327778c27e15eb01e07e27f5a63728a1e5f197adf2661d8cb099f,语音WAV,回退 clean 2003 原文件,PASS,用户全量二进制比较确认：该旧汉化 loose 文件与干净原版同路径文件逐字节完全相同。
Se/Voice/yuuna0101.wav,14866,f19a5789622dbf1487744d98c8e93d117d4bbddc5f5002a42df896075be89568,语音WAV,回退 clean 2003 原文件,PASS,用户全量二进制比较确认：该旧汉化 loose 文件与干净原版同路径文件逐字节完全相同。
Se/Voice/yuuna0102.wav,16660,66625b2953f4f728c471a00471710a30c621a5431a3ec523cee631d83788d4a3,语音WAV,回退 clean 2003 原文件,PASS,用户全量二进制比较确认：该旧汉化 loose 文件与干净原版同路径文件逐字节完全相同。
Se/Voice/yuuna0103.wav,5764,9b2dba24863ba6e039e9bcdad4461ec7051b82a821b0c0e30d55d6cfa3d1402a,语音WAV,回退 clean 2003 原文件,PASS,用户全量二进制比较确认：该旧汉化 loose 文件与干净原版同路径文件逐字节完全相同。
Se/Voice/yuuna0201.wav,8590,6d3ae39333d6d9cda547a534dc3abc997e1d4bcd46bb9d8f695e782ae28389db,语音WAV,回退 clean 2003 原文件,PASS,用户全量二进制比较确认：该旧汉化 loose 文件与干净原版同路径文件逐字节完全相同。
Se/Voice/yuuna0202.wav,11200,f2abb547551cfbc622c0c7d54d5bd573b2ddb92447343f9ca15885fb325087af,语音WAV,回退 clean 2003 原文件,PASS,用户全量二进制比较确认：该旧汉化 loose 文件与干净原版同路径文件逐字节完全相同。
Se/Voice/yuuna0301.wav,19446,65c570c77ed0a8f8d0799a524c19832384075eb3d1c4949d6ef3f377b7cdf29b,语音WAV,回退 clean 2003 原文件,PASS,用户全量二进制比较确认：该旧汉化 loose 文件与干净原版同路径文件逐字节完全相同。
Se/Voice/yuuna0401.wav,21634,53029402acbe3a5511650b75402cac89f8d6df2d918725bd817f68bc6f263c4c,语音WAV,回退 clean 2003 原文件,PASS,用户全量二进制比较确认：该旧汉化 loose 文件与干净原版同路径文件逐字节完全相同。
Se/Voice/yuuna0402.wav,25898,256a522025a17f34f15fd18cb8ab723e771956f8f41592ac593834610bc9dc91,语音WAV,回退 clean 2003 原文件,PASS,用户全量二进制比较确认：该旧汉化 loose 文件与干净原版同路径文件逐字节完全相同。
Se/Voice/yuuna0403.wav,21700,a9a0ea9e1a0a04455f29cc2018ffecb8be17d9a9ae318625172a0b3d38dedce3,语音WAV,回退 clean 2003 原文件,PASS,用户全量二进制比较确认：该旧汉化 loose 文件与干净原版同路径文件逐字节完全相同。
Se/Voice/yuuna0501.wav,8814,85d2cc9b93b7f03adae57c5300bd46872a67fa1c76907ea62ca1f845bfb8dc78,语音WAV,回退 clean 2003 原文件,PASS,用户全量二进制比较确认：该旧汉化 loose 文件与干净原版同路径文件逐字节完全相同。
Se/Voice/yuuna0502.wav,8208,204b6137382ba69a3362f732129e2992d0fccebfd8b6b86632187a15c9f0b572,语音WAV,回退 clean 2003 原文件,PASS,用户全量二进制比较确认：该旧汉化 loose 文件与干净原版同路径文件逐字节完全相同。
Se/Voice/yuuna0601.wav,14320,92266113b277360c358742fafbcf97ee6369b0c195c830a355b4f79e46c07b39,语音WAV,回退 clean 2003 原文件,PASS,用户全量二进制比较确认：该旧汉化 loose 文件与干净原版同路径文件逐字节完全相同。
Se/Voice/yuuna0701.wav,28022,0c5e471925362002a09ac9c96a64323ae61e2295d38255c2b0e8d168d4e25b58,语音WAV,回退 clean 2003 原文件,PASS,用户全量二进制比较确认：该旧汉化 loose 文件与干净原版同路径文件逐字节完全相同。
Se/Voice/yuuna0702.wav,20386,636b5421e9425983d879c5370c4ae6493013c7376da356c19c42e9e0905da1d2,语音WAV,回退 clean 2003 原文件,PASS,用户全量二进制比较确认：该旧汉化 loose 文件与干净原版同路径文件逐字节完全相同。
Se/Voice/yuuna0703.wav,13562,ce29f08ae862644ec5093e6ecec433ad298ac85af19a6a7aa50546439aae312b,语音WAV,回退 clean 2003 原文件,PASS,用户全量二进制比较确认：该旧汉化 loose 文件与干净原版同路径文件逐字节完全相同。
Se/Voice/yuuna0704.wav,17586,fb0327210b49b19a0096136bc4784f9a8499d3b34b314ed62107ac5cb439cd6b,语音WAV,回退 clean 2003 原文件,PASS,用户全量二进制比较确认：该旧汉化 loose 文件与干净原版同路径文件逐字节完全相同。
Se/Voice/yuuna0801.wav,30518,19f9de35cea62bebdb59edc35aa6f851a5cd614c00677a7b0b403839c0e22d1c,语音WAV,回退 clean 2003 原文件,PASS,用户全量二进制比较确认：该旧汉化 loose 文件与干净原版同路径文件逐字节完全相同。
Se/Voice/yuuna0901.wav,28998,0b717a290c9f4cdf25857cea7e3eb48c923b26d377d01e4666801919f4ba2d0c,语音WAV,回退 clean 2003 原文件,PASS,用户全量二进制比较确认：该旧汉化 loose 文件与干净原版同路径文件逐字节完全相同。
