BFSE脚本,VoiceTag,BFSE记录号,BFSE目标台词,BFE脚本,BFE记录号,BFE目标台词,来源,说明
ayane24.bin,564034,52,「......本気なんだな......!?」,ayane24.bin,52,「......本気なんだな......!?」,用户 2026-09-20 工作簿人工确认,
bachelor06.bin,658030,55,「なんとかって......俺にどうしろって言うんだよっ......!」,bachelor06.bin,81,「なんとかって......俺にどうしろって言うんだよっ......!」,用户 2026-09-20 工作簿人工确认,分级改写过多
mino_aya04.bin,511060,160,「ふ、ふん!!挑発しても無駄だからな......お前と遊んでる暇は無いんだ......俺はガキの遊びは卒業したんだよ!」,mino_aya04.bin,160,「ふ、ふん!!挑発しても無駄だからな......お前と遊んでいる暇は無いんだ......俺はガキの遊びは卒業したんだよ!」,用户 2026-09-20 工作簿人工确认,
mino_aya04.bin,511102,239,「..................」,mino_aya04.bin,239,「..................」,用户 2026-09-20 工作簿人工确认,
ren22.bin,726048,89,「卑怯者めっ!!」,ren22.bin,93,「卑怯者めっ!!」,用户 2026-09-20 工作簿人工确认,分级改写过多
ren45.bin,749202,404,「............」,ren45.bin,407,「............」,用户 2026-09-20 工作簿人工确认,
ren47c.bin,753036,77,「いや、別にイジワルしているわけじゃないんだけど......」,ren47c.bin,79,「いや、別にイジワルしているわけじゃないんだけど......」,用户 2026-09-20 工作簿人工确认,
ren47c.bin,753102,205,「べ、別に恥ずかしがること無いだろ、兄妹なんだし......それに憐はまだ子供なんだから......」,ren47c.bin,372,「知らなくていいんだよ......憐はまだ子供なんだから......」,用户 2026-09-20 工作簿人工确认,分级改写过多
ren47c.bin,753106,212,「その写真は、たまたま手に入れただけだよ。さぁ、返して......!」,ren47c.bin,381,「大人だけが遊べるオモチャさ......だから、憐には使えないよ、さぁ、返して......!」,用户 2026-09-20 工作簿人工确认,分级改写过多
ren47c.bin,753134,260,「大丈夫......こんな時間に誰も来ないさ」,ren47c.bin,156,「大丈夫......こんな時間に誰も来ないさ」,用户 2026-09-20 工作簿人工确认,分级改写过多
ren47c.bin,753138,266,「............ごめんな、憐......つい、その......」,ren47c.bin,640,「............ごめんな、憐......つい、その......」,用户 2026-09-20 工作簿人工确认,分级改写过多
ren47c.bin,753140,269,「......しかし......」,ren47c.bin,643,「......しかし......」,用户 2026-09-20 工作簿人工确认,分级改写过多
ryan14.bin,634014,28,「......トロフィールーム?」,ryan14.bin,28,「......ハレム?」,用户 2026-09-20 工作簿人工确认,分级改写过多
ryan22b.bin,643002,14,「大丈夫、怖い事なんか何も無いさ......」,ryan22b.bin,39,「大丈夫、怖い事なんか何も無いさ......」,用户 2026-09-20 工作簿人工确认,分级改写过多
ryan28.bin,649032,62,「ああ、忘れるな......俺達は一心同体なんだから......!」,ryan28.bin,64,「ああ、忘れるな......俺達は一心同体みたいなもんなんだから......!」,用户 2026-09-20 工作簿人工确认,分级改写过多
ryan28.bin,649034,64,「リャン.........絶対に忘れるなっ......この体に俺の事を刻みこんでやるからなっ......!!」,ryan28.bin,78,「リャン.........絶対に忘れるなっ......この体に俺の事を刻みこんでやるからなっ......!!」,用户 2026-09-20 工作簿人工确认,分级改写过多
tsukina35.bin,607036,68,「月菜......俺は......」,tsukina35.bin,64,「月菜......俺は......」,用户 2026-09-20 工作簿人工确认,分级改写过多
