脚本,VoiceTag,结论,原因
ren47c.bin,753026,继续排除,BFSE 在情书改写段多出一条主角犹豫；BFE 两个公共锚点之间没有唯一对应主角台词。
ren47c.bin,753038,继续排除,恋爱回信与 BFE 性教育段落结构相似，但可对应的主角回答不唯一。
ren47c.bin,753040,继续排除,BFSE“只把ひかる当后辈”在 BFE 成人版没有语义/结构唯一对应。
ren47c.bin,753116,继续排除,BFSE 主角主动告白；BFE 此段改为憐先谈喜欢的人，没有唯一对应。
ren47c.bin,753118,继续排除,BFSE“冗談だよ”在 BFE 分支不存在唯一等价台词。
ren47c.bin,753120,继续排除,BFSE“さっさと帰るぞ”与 BFE 嫉妒/打断段落无法唯一对应。
ren47c.bin,753122,继续排除,看似可落到 BFE #130，但该记录已被完全一致的 753058 占用；强塞会形成双 VoiceTag 冲突。
tsukina35.bin,607032,继续排除,BFSE 新增威胁对话中的主角反应；BFE 该段没有对应主角台词。
tsukina35.bin,607034,继续排除,BFSE 新增威胁对话中的第二条主角反应；BFE 该段没有对应主角台词。
